Codice,Versione Sigma,Disciplina,Nome,Link
REG24625,Vecchio,,Alto  DONNE,https://www.fidal.it/risultati/2021/REG24625/Gara126.htm
REG24625,Vecchio,,Asta  UOMINI - 1 Gruppo,https://www.fidal.it/risultati/2021/REG24625/Gara226.htm
REG24625,Vecchio,,Asta  UOMINI - 2 Gruppo,https://www.fidal.it/risultati/2021/REG24625/Gara227.htm
REG24625,Vecchio,,Lungo  UOMINI,https://www.fidal.it/risultati/2021/REG24625/Gara228.htm
REG24642,Vecchio,,60 piani ASSOLUTI FEMMINILE - 1^ Prova,https://www.fidal.it/risultati/2021/REG24642/Gara001.htm
REG24642,Vecchio,,60 piani ASSOLUTI FEMMINILE - 2^ Prova,https://www.fidal.it/risultati/2021/REG24642/Gara002.htm
REG24642,Vecchio,,60 piani ASSOLUTI MASCHILE - 1^ Prova,https://www.fidal.it/risultati/2021/REG24642/Gara101.htm
REG24642,Vecchio,,60 piani ASSOLUTI MASCHILE - 2^ Prova,https://www.fidal.it/risultati/2021/REG24642/Gara102.htm
REG24595,Vecchio,,800m UOMINI,https://www.fidal.it/risultati/2021/REG24595/Gara008.htm
REG24595,Vecchio,,60 Hs H 106 UOMINI,https://www.fidal.it/risultati/2021/REG24595/Gara020.htm
REG24595,Vecchio,,60 Hs H 100 JUNIORES M,https://www.fidal.it/risultati/2021/REG24595/Gara021.htm
REG24595,Vecchio,,60 Hs H 91-9.14 ALLIEVI,https://www.fidal.it/risultati/2021/REG24595/Gara022.htm
REG24595,Vecchio,,800m DONNE,https://www.fidal.it/risultati/2021/REG24595/Gara108.htm
REG24595,Vecchio,,60 Hs H 84-8.50 DONNE,https://www.fidal.it/risultati/2021/REG24595/Gara120.htm
REG24595,Vecchio,,60 Hs H 76-8.50 ALLIEVE,https://www.fidal.it/risultati/2021/REG24595/Gara121.htm
REG24595,Vecchio,,Salto triplo UOMINI,https://www.fidal.it/risultati/2021/REG24595/Gara029.htm
REG24595,Vecchio,,Salto in alto DONNE,https://www.fidal.it/risultati/2021/REG24595/Gara126.htm
REG24595,Vecchio,,Salto in lungo DONNE,https://www.fidal.it/risultati/2021/REG24595/Gara128.htm
REG24595,Vecchio,,Salto in lungo ALLIEVE,https://www.fidal.it/risultati/2021/REG24595/Gara328.htm
REG24595,Vecchio,,Salto triplo ALLIEVI,https://www.fidal.it/risultati/2021/REG24595/Gara329.htm
REG24678,Vecchio,,60 piani ASSOLUTI FEMMINILE - 1^ Prova,https://www.fidal.it/risultati/2021/REG24678/Gara001.htm
REG24678,Vecchio,,60 piani ASSOLUTI FEMMINILE - 2^ Prova,https://www.fidal.it/risultati/2021/REG24678/Gara002.htm
REG24678,Vecchio,,60 piani ASSOLUTI MASCHILE - 1^ Prova,https://www.fidal.it/risultati/2021/REG24678/Gara101.htm
REG24678,Vecchio,,60 piani ASSOLUTI MASCHILE - 2^ Prova,https://www.fidal.it/risultati/2021/REG24678/Gara102.htm
REG24678,Vecchio,,Peso/SP Kg 3.000 ALLIEVE,https://www.fidal.it/risultati/2021/REG24678/Gara031.htm
REG24678,Vecchio,,Peso Kg 4.000 J/P/S FEMMINILE,https://www.fidal.it/risultati/2021/REG24678/Gara032.htm
REG24678,Vecchio,,Peso/SP Kg 5.000 ALLIEVI,https://www.fidal.it/risultati/2021/REG24678/Gara131.htm
REG24678,Vecchio,,Peso Kg 6.000 JUNIORES MASCHILE,https://www.fidal.it/risultati/2021/REG24678/Gara132.htm
REG24678,Vecchio,,Peso Kg 7.260 PROMESSE-SENIORES MASCHILE,https://www.fidal.it/risultati/2021/REG24678/Gara133.htm
REG24699,Vecchio,,Salto in alto  A/ J/P/S M,https://www.fidal.it/risultati/2021/REG24699/Gara226.htm
REG24699,Vecchio,,Salto con l'asta  A/ J/P/S M,https://www.fidal.it/risultati/2021/REG24699/Gara227.htm
REG24699,Vecchio,,Salto in lungo   A/ J/P/S M,https://www.fidal.it/risultati/2021/REG24699/Gara228.htm
REG24699,Vecchio,,Salto triplo  A/ J/P/S M,https://www.fidal.it/risultati/2021/REG24699/Gara229.htm
REG24699,Vecchio,,Salto in lungo  A/J F,https://www.fidal.it/risultati/2021/REG24699/Gara328.htm
REG24699,Vecchio,,Salto in alto  A/ J/P/S F,https://www.fidal.it/risultati/2021/REG24699/Gara426.htm
REG24699,Vecchio,,Salto con l'asta  A/ J/P/S F,https://www.fidal.it/risultati/2021/REG24699/Gara427.htm
REG24699,Vecchio,,Salto in lungo  P/S F,https://www.fidal.it/risultati/2021/REG24699/Gara428.htm
REG24699,Vecchio,,Salto triplo   A/ J/P/S F,https://www.fidal.it/risultati/2021/REG24699/Gara429.htm
REG24626,Vecchio,,200m  DONNE,https://www.fidal.it/risultati/2021/REG24626/Gara104.htm
REG24626,Vecchio,,Marcia 3000m  DONNE,https://www.fidal.it/risultati/2021/REG24626/Gara143.htm
REG24626,Vecchio,,200m  UOMINI,https://www.fidal.it/risultati/2021/REG24626/Gara204.htm
REG24626,Vecchio,,Marcia 5000m  UOMINI,https://www.fidal.it/risultati/2021/REG24626/Gara245.htm
REG24626,Vecchio,,Peso Kg 3  ALLIEVE,https://www.fidal.it/risultati/2021/REG24626/Gara130.htm
REG24626,Vecchio,,Peso Kg 4 DONNE,https://www.fidal.it/risultati/2021/REG24626/Gara131.htm
REG24596,Vecchio,,60m UOMINI,https://www.fidal.it/risultati/2021/REG24596/Gara001.htm
REG24596,Vecchio,,200m UOMINI,https://www.fidal.it/risultati/2021/REG24596/Gara004.htm
REG24596,Vecchio,,400m UOMINI,https://www.fidal.it/risultati/2021/REG24596/Gara006.htm
REG24596,Vecchio,,1500m UOMINI,https://www.fidal.it/risultati/2021/REG24596/Gara011.htm
REG24596,Vecchio,,60m DONNE,https://www.fidal.it/risultati/2021/REG24596/Gara101.htm
REG24596,Vecchio,,200m DONNE,https://www.fidal.it/risultati/2021/REG24596/Gara104.htm
REG24596,Vecchio,,400m DONNE,https://www.fidal.it/risultati/2021/REG24596/Gara106.htm
REG24596,Vecchio,,1500m DONNE,https://www.fidal.it/risultati/2021/REG24596/Gara111.htm
REG24596,Vecchio,,Peso Kg 3.000 ALLIEVE,https://www.fidal.it/risultati/2021/REG24596/Gara131.htm
REG24596,Vecchio,,Peso Kg 4.000 DONNE,https://www.fidal.it/risultati/2021/REG24596/Gara132.htm
REG24644,Vecchio,,60 Hs H 76-8.50 Allieve - 2^ Prova,https://www.fidal.it/risultati/2021/REG24644/Gara001.htm
REG24644,Vecchio,,60 Hs H 84-8.50 Donne - 2^ Prova,https://www.fidal.it/risultati/2021/REG24644/Gara002.htm
REG24644,Vecchio,,60 Hs H 76-8.50 Allieve - 1^ Prova,https://www.fidal.it/risultati/2021/REG24644/Gara019.htm
REG24644,Vecchio,,60 Hs H 84-8.50 Donne - 1^ Prova,https://www.fidal.it/risultati/2021/REG24644/Gara020.htm
REG24644,Vecchio,,60 Hs H 91-9.14 Allievi - 2^ Prova,https://www.fidal.it/risultati/2021/REG24644/Gara115.htm
REG24644,Vecchio,,60 Hs H 100 Jun Uomini - 2^ Prova,https://www.fidal.it/risultati/2021/REG24644/Gara116.htm
REG24644,Vecchio,,60 Hs H 106 P/S Uomini - 2^ Prova,https://www.fidal.it/risultati/2021/REG24644/Gara117.htm
REG24644,Vecchio,,60 Hs H 91-9.14 Allievi - 1^ Prova,https://www.fidal.it/risultati/2021/REG24644/Gara118.htm
REG24644,Vecchio,,60 Hs H 100 Jun Uomini - 1^ Prova,https://www.fidal.it/risultati/2021/REG24644/Gara119.htm
REG24644,Vecchio,,60 Hs H 106 P/S Uomini - 1^ Prova,https://www.fidal.it/risultati/2021/REG24644/Gara120.htm
REG24627,Vecchio,,800m  DONNE,https://www.fidal.it/risultati/2021/REG24627/Gara108.htm
REG24627,Vecchio,,3000m  DONNE,https://www.fidal.it/risultati/2021/REG24627/Gara113.htm
REG24627,Vecchio,,800m  UOMINI,https://www.fidal.it/risultati/2021/REG24627/Gara208.htm
REG24627,Vecchio,,3000m  UOMINI,https://www.fidal.it/risultati/2021/REG24627/Gara213.htm
REG24627,Vecchio,,Peso Kg 5 ALLIEVI,https://www.fidal.it/risultati/2021/REG24627/Gara231.htm
REG24627,Vecchio,,Peso Kg 6 JUNIOR UOMINI,https://www.fidal.it/risultati/2021/REG24627/Gara232.htm
REG24627,Vecchio,,Peso Kg 7.260 UOMINI,https://www.fidal.it/risultati/2021/REG24627/Gara233.htm
REG24597,Vecchio,,3000m UOMINI,https://www.fidal.it/risultati/2021/REG24597/Gara013.htm
REG24597,Vecchio,,Marcia 5000m UOMINI,https://www.fidal.it/risultati/2021/REG24597/Gara045.htm
REG24597,Vecchio,,3000m DONNE,https://www.fidal.it/risultati/2021/REG24597/Gara113.htm
REG24597,Vecchio,,Marcia 3000m DONNE,https://www.fidal.it/risultati/2021/REG24597/Gara143.htm
REG24597,Vecchio,,Peso Kg 6.000 JUNIORES M,https://www.fidal.it/risultati/2021/REG24597/Gara032.htm
REG24597,Vecchio,,Peso Kg 7.260 SM,https://www.fidal.it/risultati/2021/REG24597/Gara033.htm
REG24597,Vecchio,,Peso Kg 4.000 DONNE,https://www.fidal.it/risultati/2021/REG24597/Gara131.htm
REG24597,Vecchio,,Peso Kg 3.000 AF,https://www.fidal.it/risultati/2021/REG24597/Gara132.htm
REG24700,Vecchio,,60 piani ASSOLUTI FEMMINILE - 1^ Prova,https://www.fidal.it/risultati/2021/REG24700/Gara001.htm
REG24700,Vecchio,,60 piani ASSOLUTI FEMMINILE - 2^ Prova,https://www.fidal.it/risultati/2021/REG24700/Gara002.htm
REG24700,Vecchio,,60 piani ASSOLUTI MASCHILE - 1^ Prova,https://www.fidal.it/risultati/2021/REG24700/Gara101.htm
REG24700,Vecchio,,60 piani ASSOLUTI MASCHILE - 2^ Prova,https://www.fidal.it/risultati/2021/REG24700/Gara102.htm
REG24598,Vecchio,,400m UOMINI,https://www.fidal.it/risultati/2021/REG24598/Gara006.htm
REG24598,Vecchio,,60 Hs H 106 UOMINI,https://www.fidal.it/risultati/2021/REG24598/Gara020.htm
REG24598,Vecchio,,60 Hs H 100 JUNIORES M,https://www.fidal.it/risultati/2021/REG24598/Gara021.htm
REG24598,Vecchio,,60 Hs H 91-9.14 ALLIEVI,https://www.fidal.it/risultati/2021/REG24598/Gara022.htm
REG24598,Vecchio,,400m DONNE,https://www.fidal.it/risultati/2021/REG24598/Gara106.htm
REG24598,Vecchio,,60 Hs H 76-8.50 DONNE,https://www.fidal.it/risultati/2021/REG24598/Gara120.htm
REG24598,Vecchio,,60 Hs H 76-8.50 ALLIEVE,https://www.fidal.it/risultati/2021/REG24598/Gara121.htm
REG24598,Vecchio,,Salto con l'asta UOMINI,https://www.fidal.it/risultati/2021/REG24598/Gara027.htm
REG24598,Vecchio,,Salto in lungo UOMINI AD INVITO,https://www.fidal.it/risultati/2021/REG24598/Gara028.htm
REG24598,Vecchio,,Salto triplo UOMINI AD INVITO,https://www.fidal.it/risultati/2021/REG24598/Gara029.htm
REG24598,Vecchio,,Salto triplo DONNE,https://www.fidal.it/risultati/2021/REG24598/Gara129.htm
REG24598,Vecchio,,Salto triplo ALLIEVE,https://www.fidal.it/risultati/2021/REG24598/Gara329.htm
REG24628,Vecchio,,60 piani  DONNE,https://www.fidal.it/risultati/2021/REG24628/Gara101.htm
REG24628,Vecchio,,60 Hs H 76  ALLIEVE,https://www.fidal.it/risultati/2021/REG24628/Gara119.htm
REG24628,Vecchio,,60 Hs H 84  DONNE,https://www.fidal.it/risultati/2021/REG24628/Gara120.htm
REG24628,Vecchio,,60 piani  UOMINI,https://www.fidal.it/risultati/2021/REG24628/Gara201.htm
REG24628,Vecchio,,60 Hs H 91  ALLIEVI,https://www.fidal.it/risultati/2021/REG24628/Gara220.htm
REG24628,Vecchio,,60 Hs H 100  JUNIOR UOMINI,https://www.fidal.it/risultati/2021/REG24628/Gara221.htm
REG24628,Vecchio,,60 Hs H 106  UOMINI,https://www.fidal.it/risultati/2021/REG24628/Gara222.htm
REG24628,Vecchio,,Asta  DONNE - 1 gruppo,https://www.fidal.it/risultati/2021/REG24628/Gara127.htm
REG24628,Vecchio,,Asta  DONNE - 2 gruppo,https://www.fidal.it/risultati/2021/REG24628/Gara130.htm
REG24628,Vecchio,,Lungo  UOMINI,https://www.fidal.it/risultati/2021/REG24628/Gara228.htm
REG24650,Vecchio,,60 piani ASSOLUTI FEMMINILE - 1^ Prova,https://www.fidal.it/risultati/2021/REG24650/Gara001.htm
REG24650,Vecchio,,60 piani ASSOLUTI FEMMINILE - 2^ Prova,https://www.fidal.it/risultati/2021/REG24650/Gara002.htm
REG24650,Vecchio,,60 piani ASSOLUTI MASCHILE - 1^ Prova,https://www.fidal.it/risultati/2021/REG24650/Gara101.htm
REG24650,Vecchio,,60 piani ASSOLUTI MASCHILE - 2^ Prova,https://www.fidal.it/risultati/2021/REG24650/Gara102.htm
REG24649,Vecchio,,Salto in lungo/LJ Donne,https://www.fidal.it/risultati/2021/REG24649/Gara028.htm
REG24649,Vecchio,,Salto triplo/TJ Donne,https://www.fidal.it/risultati/2021/REG24649/Gara029.htm
REG24649,Vecchio,,Salto in lungo/LJ Uomini,https://www.fidal.it/risultati/2021/REG24649/Gara128.htm
REG24649,Vecchio,,Salto triplo/TJ Uomini,https://www.fidal.it/risultati/2021/REG24649/Gara129.htm
REG24629,Vecchio,,400 metri DONNE,https://www.fidal.it/risultati/2021/REG24629/Gara106.htm
REG24629,Vecchio,,1500 metri DONNE,https://www.fidal.it/risultati/2021/REG24629/Gara111.htm
REG24629,Vecchio,,400 metri UOMINI,https://www.fidal.it/risultati/2021/REG24629/Gara206.htm
REG24629,Vecchio,,1500 metri UOMINI,https://www.fidal.it/risultati/2021/REG24629/Gara211.htm
REG24629,Vecchio,,Alto  DONNE,https://www.fidal.it/risultati/2021/REG24629/Gara126.htm
REG24629,Vecchio,,Lungo DONNE,https://www.fidal.it/risultati/2021/REG24629/Gara128.htm
REG24602,Vecchio,,60m UOMINI,https://www.fidal.it/risultati/2021/REG24602/Gara001.htm
REG24602,Vecchio,,200m UOMINI,https://www.fidal.it/risultati/2021/REG24602/Gara004.htm
REG24602,Vecchio,,800m UOMINI,https://www.fidal.it/risultati/2021/REG24602/Gara008.htm
REG24602,Vecchio,,1500m UOMINI,https://www.fidal.it/risultati/2021/REG24602/Gara011.htm
REG24602,Vecchio,,60m DONNE,https://www.fidal.it/risultati/2021/REG24602/Gara101.htm
REG24602,Vecchio,,200m DONNE,https://www.fidal.it/risultati/2021/REG24602/Gara104.htm
REG24602,Vecchio,,800m DONNE,https://www.fidal.it/risultati/2021/REG24602/Gara108.htm
REG24602,Vecchio,,1500m DONNE,https://www.fidal.it/risultati/2021/REG24602/Gara111.htm
REG24602,Vecchio,,Peso Kg 5.000 ALLIEVI,https://www.fidal.it/risultati/2021/REG24602/Gara031.htm
REG24602,Vecchio,,Peso Kg 6.000 JM,https://www.fidal.it/risultati/2021/REG24602/Gara032.htm
REG24602,Vecchio,,Peso Kg 7.260 SM,https://www.fidal.it/risultati/2021/REG24602/Gara033.htm
REG24630,Vecchio,,Asta  UOMINI - 1 Gruppo,https://www.fidal.it/risultati/2021/REG24630/Gara225.htm
REG24630,Vecchio,,Alto UOMINI,https://www.fidal.it/risultati/2021/REG24630/Gara226.htm
REG24630,Vecchio,,Asta  UOMINI - 2 Gruppo,https://www.fidal.it/risultati/2021/REG24630/Gara227.htm
REG24630,Vecchio,,Triplo UOMINI,https://www.fidal.it/risultati/2021/REG24630/Gara229.htm
REG24722,Vecchio,,60m  A/J  UOMINI,https://www.fidal.it/risultati/2021/REG24722/Gara101.htm
REG24722,Vecchio,,60 Hs H 91-8.50  ALLIEVI,https://www.fidal.it/risultati/2021/REG24722/Gara118.htm
REG24722,Vecchio,,60 Hs H 100  JUNIORES  UOMINI,https://www.fidal.it/risultati/2021/REG24722/Gara119.htm
REG24722,Vecchio,,60 Hs H 106  J/P/S M,https://www.fidal.it/risultati/2021/REG24722/Gara120.htm
REG24722,Vecchio,,60m  P/S  UOMINI,https://www.fidal.it/risultati/2021/REG24722/Gara201.htm
REG24722,Vecchio,,60m  A/J  DONNE,https://www.fidal.it/risultati/2021/REG24722/Gara301.htm
REG24722,Vecchio,,60 Hs H 76-8.50   ALLIEVE,https://www.fidal.it/risultati/2021/REG24722/Gara319.htm
REG24722,Vecchio,,60m   P/S DONNE,https://www.fidal.it/risultati/2021/REG24722/Gara401.htm
REG24722,Vecchio,,60 Hs H 84-8.50  J/P/S DONNE,https://www.fidal.it/risultati/2021/REG24722/Gara420.htm
REG24722,Vecchio,,Peso Kg 5.000  ALLIEVI,https://www.fidal.it/risultati/2021/REG24722/Gara131.htm
REG24722,Vecchio,,Peso Kg 6.000  JUNIORES UOMINI,https://www.fidal.it/risultati/2021/REG24722/Gara132.htm
REG24722,Vecchio,,Peso Kg 7.260  P/S UOMINI,https://www.fidal.it/risultati/2021/REG24722/Gara231.htm
REG24722,Vecchio,,Peso Kg 3.000 ALLIEVE,https://www.fidal.it/risultati/2021/REG24722/Gara331.htm
REG24722,Vecchio,,Peso Kg 4.000 J/P/S DONNE,https://www.fidal.it/risultati/2021/REG24722/Gara431.htm
REG24701,Vecchio,,60 Hs H 84-8.50  DONNE - 1^ Prova,https://www.fidal.it/risultati/2021/REG24701/Gara020.htm
REG24701,Vecchio,,60 Hs H 84-8.50  DONNE - 2^ Prova,https://www.fidal.it/risultati/2021/REG24701/Gara022.htm
REG24701,Vecchio,,60 Hs H 76-8.50 ALLIEVE - 2^ Prova,https://www.fidal.it/risultati/2021/REG24701/Gara023.htm
REG24701,Vecchio,,60 Hs H 106  UOMINI - 1^ Prova,https://www.fidal.it/risultati/2021/REG24701/Gara120.htm
REG24701,Vecchio,,60 Hs H 91-9.14 ALLIEVI - 1^ Prova,https://www.fidal.it/risultati/2021/REG24701/Gara121.htm
REG24701,Vecchio,,60 Hs H 100 JUNIOR UOMINI - 1^ Prova,https://www.fidal.it/risultati/2021/REG24701/Gara122.htm
REG24701,Vecchio,,60 Hs H 106  UOMINI - 2^ Prova,https://www.fidal.it/risultati/2021/REG24701/Gara123.htm
REG24701,Vecchio,,60 Hs H 91-9.14 ALLIEVI - 2^ Prova,https://www.fidal.it/risultati/2021/REG24701/Gara124.htm
REG24701,Vecchio,,60 Hs H 100 JUNIOR UOMINI - 2^ Prova,https://www.fidal.it/risultati/2021/REG24701/Gara125.htm
REG24701,Vecchio,,Salto con l'asta/PV DONNE,https://www.fidal.it/risultati/2021/REG24701/Gara027.htm
REG24701,Vecchio,,Salto con l'asta/PV UOMINI,https://www.fidal.it/risultati/2021/REG24701/Gara127.htm
COD8784,Vecchio,,High Jump MEN,https://www.fidal.it/risultati/2021/COD8784/Gara026.htm
COD8784,Vecchio,,High Jump WOMEN,https://www.fidal.it/risultati/2021/COD8784/Gara126.htm
REG24631,Vecchio,,400 metri DONNE,https://www.fidal.it/risultati/2021/REG24631/Gara106.htm
REG24631,Vecchio,,1500 metri DONNE,https://www.fidal.it/risultati/2021/REG24631/Gara111.htm
REG24631,Vecchio,,400 metri UOMINI,https://www.fidal.it/risultati/2021/REG24631/Gara206.htm
REG24631,Vecchio,,1500 metri UOMINI,https://www.fidal.it/risultati/2021/REG24631/Gara211.htm
REG24631,Vecchio,,Peso Kg 5 ALLIEVI,https://www.fidal.it/risultati/2021/REG24631/Gara231.htm
REG24631,Vecchio,,Peso Kg 6 JUNIOR UOMINI,https://www.fidal.it/risultati/2021/REG24631/Gara232.htm
REG24631,Vecchio,,Peso Kg 7.260 UOMINI,https://www.fidal.it/risultati/2021/REG24631/Gara233.htm
REG24723,Vecchio,,60m  UOMINI,https://www.fidal.it/risultati/2021/REG24723/Gara201.htm
REG24723,Vecchio,,60 Hs H 106  A/J/P/S M,https://www.fidal.it/risultati/2021/REG24723/Gara220.htm
REG24723,Vecchio,,60m  DONNE,https://www.fidal.it/risultati/2021/REG24723/Gara401.htm
REG24723,Vecchio,,60 Hs H 84-8.50  A/J/P/S F,https://www.fidal.it/risultati/2021/REG24723/Gara420.htm
REG24723,Vecchio,,Peso Kg 5.000 allievi,https://www.fidal.it/risultati/2021/REG24723/Gara231.htm
REG24723,Vecchio,,Peso Kg 6.000   JUNIOR M,https://www.fidal.it/risultati/2021/REG24723/Gara232.htm
REG24723,Vecchio,,Peso Kg 7.260   P/S M,https://www.fidal.it/risultati/2021/REG24723/Gara233.htm
REG24723,Vecchio,,Peso Kg 3.000 ALLIEVE,https://www.fidal.it/risultati/2021/REG24723/Gara431.htm
REG24723,Vecchio,,Peso Kg 4.000  J/P/S F,https://www.fidal.it/risultati/2021/REG24723/Gara432.htm
REG24603,Vecchio,,800m UOMINI,https://www.fidal.it/risultati/2021/REG24603/Gara008.htm
REG24603,Vecchio,,60 Hs H 106 UOMINI,https://www.fidal.it/risultati/2021/REG24603/Gara020.htm
REG24603,Vecchio,,60 Hs H 100 JUNIORES M,https://www.fidal.it/risultati/2021/REG24603/Gara021.htm
REG24603,Vecchio,,60 Hs H 91-9.14 ALLIEVI,https://www.fidal.it/risultati/2021/REG24603/Gara022.htm
REG24603,Vecchio,,800m DONNE,https://www.fidal.it/risultati/2021/REG24603/Gara108.htm
REG24603,Vecchio,,60 Hs H 84-8.50 DONNE,https://www.fidal.it/risultati/2021/REG24603/Gara120.htm
REG24603,Vecchio,,60 Hs H 76-8.50 ALLIEVE,https://www.fidal.it/risultati/2021/REG24603/Gara121.htm
REG24603,Vecchio,,Salto in alto UOMINI,https://www.fidal.it/risultati/2021/REG24603/Gara026.htm
REG24603,Vecchio,,Salto triplo UOMINI,https://www.fidal.it/risultati/2021/REG24603/Gara029.htm
REG24603,Vecchio,,Salto in lungo DONNE,https://www.fidal.it/risultati/2021/REG24603/Gara128.htm
REG24603,Vecchio,,Salto in lungo ALLIEVE,https://www.fidal.it/risultati/2021/REG24603/Gara328.htm
REG24633,Vecchio,,800m  DONNE,https://www.fidal.it/risultati/2021/REG24633/Gara108.htm
REG24633,Vecchio,,3000m  DONNE,https://www.fidal.it/risultati/2021/REG24633/Gara113.htm
REG24633,Vecchio,,800m  UOMINI,https://www.fidal.it/risultati/2021/REG24633/Gara208.htm
REG24633,Vecchio,,3000m  UOMINI,https://www.fidal.it/risultati/2021/REG24633/Gara213.htm
REG24633,Vecchio,,Peso Kg 3  ALLIEVE,https://www.fidal.it/risultati/2021/REG24633/Gara130.htm
REG24633,Vecchio,,Peso Kg 4 DONNE,https://www.fidal.it/risultati/2021/REG24633/Gara131.htm
REG24604,Vecchio,,60m UOMINI,https://www.fidal.it/risultati/2021/REG24604/Gara001.htm
REG24604,Vecchio,,200m UOMINI,https://www.fidal.it/risultati/2021/REG24604/Gara004.htm
REG24604,Vecchio,,400m UOMINI,https://www.fidal.it/risultati/2021/REG24604/Gara006.htm
REG24604,Vecchio,,1500m UOMINI,https://www.fidal.it/risultati/2021/REG24604/Gara011.htm
REG24604,Vecchio,,60m DONNE,https://www.fidal.it/risultati/2021/REG24604/Gara101.htm
REG24604,Vecchio,,200m DONNE,https://www.fidal.it/risultati/2021/REG24604/Gara104.htm
REG24604,Vecchio,,400m DONNE,https://www.fidal.it/risultati/2021/REG24604/Gara106.htm
REG24604,Vecchio,,1500m DONNE,https://www.fidal.it/risultati/2021/REG24604/Gara111.htm
REG24604,Vecchio,,Salto con l'asta UOMINI,https://www.fidal.it/risultati/2021/REG24604/Gara027.htm
REG24604,Vecchio,,Salto in lungo UOMINI,https://www.fidal.it/risultati/2021/REG24604/Gara028.htm
REG24604,Vecchio,,Salto in alto DONNE,https://www.fidal.it/risultati/2021/REG24604/Gara126.htm
REG24604,Vecchio,,Salto triplo DONNE,https://www.fidal.it/risultati/2021/REG24604/Gara129.htm
REG24604,Vecchio,,Salto in lungo ALLIEVI,https://www.fidal.it/risultati/2021/REG24604/Gara228.htm
REG24604,Vecchio,,Salto triplo ALLIEVE,https://www.fidal.it/risultati/2021/REG24604/Gara329.htm
REG24724,Vecchio,,Salto in alto  A/ J/P/S M,https://www.fidal.it/risultati/2021/REG24724/Gara226.htm
REG24724,Vecchio,,Salto con l'asta  A/ J/P/S M,https://www.fidal.it/risultati/2021/REG24724/Gara227.htm
REG24724,Vecchio,,Salto in lungo   A/ J/P/S M,https://www.fidal.it/risultati/2021/REG24724/Gara228.htm
REG24724,Vecchio,,Salto triplo  A/ J/P/S M,https://www.fidal.it/risultati/2021/REG24724/Gara229.htm
REG24724,Vecchio,,Salto in alto  A/ J/P/S F,https://www.fidal.it/risultati/2021/REG24724/Gara426.htm
REG24724,Vecchio,,Salto con l'asta  A/ J/P/S F,https://www.fidal.it/risultati/2021/REG24724/Gara427.htm
REG24724,Vecchio,,Salto in lungo  A/P/S F,https://www.fidal.it/risultati/2021/REG24724/Gara428.htm
REG24724,Vecchio,,Salto triplo   A/ J/P/S F,https://www.fidal.it/risultati/2021/REG24724/Gara429.htm
REG24632,Vecchio,,60 piani  DONNE,https://www.fidal.it/risultati/2021/REG24632/Gara101.htm
REG24632,Vecchio,,60 Hs H 76  ALLIEVE,https://www.fidal.it/risultati/2021/REG24632/Gara119.htm
REG24632,Vecchio,,60 Hs H 84  DONNE,https://www.fidal.it/risultati/2021/REG24632/Gara120.htm
REG24632,Vecchio,,60 piani  UOMINI,https://www.fidal.it/risultati/2021/REG24632/Gara201.htm
REG24632,Vecchio,,60 Hs H 91  ALLIEVI,https://www.fidal.it/risultati/2021/REG24632/Gara220.htm
REG24632,Vecchio,,60 Hs H 100  JUNIOR UOMINI,https://www.fidal.it/risultati/2021/REG24632/Gara221.htm
REG24632,Vecchio,,60 Hs H 106  UOMINI,https://www.fidal.it/risultati/2021/REG24632/Gara222.htm
REG24632,Vecchio,,Asta  DONNE - 1 gruppo,https://www.fidal.it/risultati/2021/REG24632/Gara127.htm
REG24632,Vecchio,,Triplo DONNE,https://www.fidal.it/risultati/2021/REG24632/Gara129.htm
REG24632,Vecchio,,Asta  DONNE - 2 gruppo,https://www.fidal.it/risultati/2021/REG24632/Gara130.htm
REG24750,Vecchio,,Salto in lungo/LJ Donne,https://www.fidal.it/risultati/2021/REG24750/Gara028.htm
REG24750,Vecchio,,Salto triplo/TJ Donne,https://www.fidal.it/risultati/2021/REG24750/Gara029.htm
REG24750,Vecchio,,Salto in lungo/LJ Uomini,https://www.fidal.it/risultati/2021/REG24750/Gara128.htm
REG24750,Vecchio,,Salto triplo/TJ Uomini,https://www.fidal.it/risultati/2021/REG24750/Gara129.htm
REG24732,Vecchio,,60 Hs H91 Allievi,https://www.fidal.it/risultati/2021/REG24732/Gara020.htm
REG24732,Vecchio,,60 Hs H76 Allieve,https://www.fidal.it/risultati/2021/REG24732/Gara120.htm
REG24732,Vecchio,,60 Hs H100 Juniores Uomini,https://www.fidal.it/risultati/2021/REG24732/Gara220.htm
REG24732,Vecchio,,60 metri Donne,https://www.fidal.it/risultati/2021/REG24732/Gara301.htm
REG24732,Vecchio,,60 Hs H84 Donne,https://www.fidal.it/risultati/2021/REG24732/Gara320.htm
REG24732,Vecchio,,60 metri Uomini,https://www.fidal.it/risultati/2021/REG24732/Gara401.htm
REG24732,Vecchio,,60 Hs H106 Uomini,https://www.fidal.it/risultati/2021/REG24732/Gara420.htm
REG24732,Vecchio,,Salto in alto Allievi,https://www.fidal.it/risultati/2021/REG24732/Gara026.htm
REG24732,Vecchio,,Salto con l'asta Allievi,https://www.fidal.it/risultati/2021/REG24732/Gara027.htm
REG24732,Vecchio,,Salto triplo Allievi,https://www.fidal.it/risultati/2021/REG24732/Gara029.htm
REG24732,Vecchio,,Salto in alto Allieve,https://www.fidal.it/risultati/2021/REG24732/Gara126.htm
REG24732,Vecchio,,Salto con l'asta Allieve,https://www.fidal.it/risultati/2021/REG24732/Gara127.htm
REG24732,Vecchio,,Salto in lungo Allieve,https://www.fidal.it/risultati/2021/REG24732/Gara128.htm
REG24732,Vecchio,,Salto triplo Allieve,https://www.fidal.it/risultati/2021/REG24732/Gara129.htm
REG24732,Vecchio,,Salto in lungo Juniores Uomini,https://www.fidal.it/risultati/2021/REG24732/Gara228.htm
REG24732,Vecchio,,Salto triplo Juniores Uomini,https://www.fidal.it/risultati/2021/REG24732/Gara229.htm
REG24732,Vecchio,,Salto in lungo Juniores Donne,https://www.fidal.it/risultati/2021/REG24732/Gara230.htm
REG24732,Vecchio,,Salto triplo Juniores Donne,https://www.fidal.it/risultati/2021/REG24732/Gara231.htm
REG24732,Vecchio,,Salto in lungo Promesse Uomini,https://www.fidal.it/risultati/2021/REG24732/Gara399.htm
REG24732,Vecchio,,Salto in lungo Promesse Donne,https://www.fidal.it/risultati/2021/REG24732/Gara328.htm
REG24732,Vecchio,,Salto triplo Promesse Donne,https://www.fidal.it/risultati/2021/REG24732/Gara329.htm
REG24732,Vecchio,,Salto in alto Uomini,https://www.fidal.it/risultati/2021/REG24732/Gara426.htm
REG24732,Vecchio,,Salto con l'asta Uomini,https://www.fidal.it/risultati/2021/REG24732/Gara427.htm
REG24732,Vecchio,,Salto in lungo Uomini,https://www.fidal.it/risultati/2021/REG24732/Gara428.htm
REG24732,Vecchio,,Salto triplo Uomini,https://www.fidal.it/risultati/2021/REG24732/Gara429.htm
REG24732,Vecchio,,Salto in alto Donne,https://www.fidal.it/risultati/2021/REG24732/Gara326.htm
REG24732,Vecchio,,Salto con l'asta Donne,https://www.fidal.it/risultati/2021/REG24732/Gara327.htm
REG24715,Vecchio,,60 Hs H 76-8.50 Allieve - 1^ Prova,https://www.fidal.it/risultati/2021/REG24715/Gara019.htm
REG24715,Vecchio,,60 Hs H 84-8.50 Donne - 1^ Prova,https://www.fidal.it/risultati/2021/REG24715/Gara020.htm
REG24715,Vecchio,,60 Hs H 76-8.50 Allieve - 2^ Prova,https://www.fidal.it/risultati/2021/REG24715/Gara021.htm
REG24715,Vecchio,,60 Hs H 84-8.50 Donne - 2^ Prova,https://www.fidal.it/risultati/2021/REG24715/Gara022.htm
REG24715,Vecchio,,60 Hs H 91-9.14 Allievi - 1^ Prova,https://www.fidal.it/risultati/2021/REG24715/Gara118.htm
REG24715,Vecchio,,60 Hs H 100 Jun Uomini - 1^ Prova,https://www.fidal.it/risultati/2021/REG24715/Gara119.htm
REG24715,Vecchio,,60 Hs H 91-9.14 Allievi - 2^ Prova,https://www.fidal.it/risultati/2021/REG24715/Gara121.htm
REG24715,Vecchio,,60 Hs H 100 Jun Uomini - 2^ Prova,https://www.fidal.it/risultati/2021/REG24715/Gara122.htm
REG24636,Vecchio,,60 piani  ALLIEVE,https://www.fidal.it/risultati/2021/REG24636/Gara101.htm
REG24636,Vecchio,,60 Hs H 76  ALLIEVE,https://www.fidal.it/risultati/2021/REG24636/Gara120.htm
REG24636,Vecchio,,Marcia 3000m  ALLIEVE,https://www.fidal.it/risultati/2021/REG24636/Gara143.htm
REG24636,Vecchio,,60 piani  ALLIEVI,https://www.fidal.it/risultati/2021/REG24636/Gara201.htm
REG24636,Vecchio,,60 Hs H 91  ALLIEVI,https://www.fidal.it/risultati/2021/REG24636/Gara220.htm
REG24636,Vecchio,,Marcia 5000m  ALLIEVI,https://www.fidal.it/risultati/2021/REG24636/Gara245.htm
REG24636,Vecchio,,Asta  ALLIEVE,https://www.fidal.it/risultati/2021/REG24636/Gara127.htm
REG24636,Vecchio,,Lungo  ALLIEVI,https://www.fidal.it/risultati/2021/REG24636/Gara228.htm
REG24783,Vecchio,,60m  Allievi,https://www.fidal.it/risultati/2021/REG24783/Gara101.htm
REG24783,Vecchio,,60 Hs H 91  Allievi,https://www.fidal.it/risultati/2021/REG24783/Gara120.htm
REG24783,Vecchio,,60m  Allieve,https://www.fidal.it/risultati/2021/REG24783/Gara201.htm
REG24783,Vecchio,,60 Hs H 76-8.50  Allieve,https://www.fidal.it/risultati/2021/REG24783/Gara220.htm
REG24718,Vecchio,,Salto in lungo/LJ Allieve,https://www.fidal.it/risultati/2021/REG24718/Gara128.htm
REG24718,Vecchio,,Salto triplo/TJ Allieve,https://www.fidal.it/risultati/2021/REG24718/Gara129.htm
REG24718,Vecchio,,Salto in lungo/LJ Allievi/SM,https://www.fidal.it/risultati/2021/REG24718/Gara228.htm
REG24718,Vecchio,,Salto triplo/TJ Allievi,https://www.fidal.it/risultati/2021/REG24718/Gara229.htm
COD8648,Vecchio,,60m Juniores Uomini,https://www.fidal.it/risultati/2021/COD8648/Gara101.htm
COD8648,Vecchio,,200m Juniores Uomini,https://www.fidal.it/risultati/2021/COD8648/Gara104.htm
COD8648,Vecchio,,400m Juniores Uomini,https://www.fidal.it/risultati/2021/COD8648/Gara106.htm
COD8648,Vecchio,,800m Juniores Uomini,https://www.fidal.it/risultati/2021/COD8648/Gara108.htm
COD8648,Vecchio,,1500m Juniores Uomini,https://www.fidal.it/risultati/2021/COD8648/Gara111.htm
COD8648,Vecchio,,60 Hs Juniores Uomini,https://www.fidal.it/risultati/2021/COD8648/Gara120.htm
COD8648,Vecchio,,Marcia 5000m Juniores Uomini,https://www.fidal.it/risultati/2021/COD8648/Gara145.htm
COD8648,Vecchio,,Staffetta 4x1 giro Juniores Uomini,https://www.fidal.it/risultati/2021/COD8648/Gara160.htm
COD8648,Vecchio,,60m Juniores Donne,https://www.fidal.it/risultati/2021/COD8648/Gara201.htm
COD8648,Vecchio,,200m Juniores Donne,https://www.fidal.it/risultati/2021/COD8648/Gara204.htm
COD8648,Vecchio,,400m Juniores Donne,https://www.fidal.it/risultati/2021/COD8648/Gara206.htm
COD8648,Vecchio,,800m Juniores Donne,https://www.fidal.it/risultati/2021/COD8648/Gara208.htm
COD8648,Vecchio,,1500m Juniores Donne,https://www.fidal.it/risultati/2021/COD8648/Gara211.htm
COD8648,Vecchio,,60 Hs Juniores Donne,https://www.fidal.it/risultati/2021/COD8648/Gara220.htm
COD8648,Vecchio,,Marcia 3000m Juniores Donne,https://www.fidal.it/risultati/2021/COD8648/Gara243.htm
COD8648,Vecchio,,Staffetta 4x1 giro Juniores Donne,https://www.fidal.it/risultati/2021/COD8648/Gara260.htm
COD8648,Vecchio,,60m Promesse Uomini,https://www.fidal.it/risultati/2021/COD8648/Gara301.htm
COD8648,Vecchio,,400m Promesse Uomini,https://www.fidal.it/risultati/2021/COD8648/Gara306.htm
COD8648,Vecchio,,800m Promesse Uomini,https://www.fidal.it/risultati/2021/COD8648/Gara308.htm
COD8648,Vecchio,,1500m Promesse Uomini,https://www.fidal.it/risultati/2021/COD8648/Gara311.htm
COD8648,Vecchio,,3000m Promesse Uomini,https://www.fidal.it/risultati/2021/COD8648/Gara313.htm
COD8648,Vecchio,,60 Hs Promesse Uomini,https://www.fidal.it/risultati/2021/COD8648/Gara320.htm
COD8648,Vecchio,,Marcia 5000m Promesse Uomini,https://www.fidal.it/risultati/2021/COD8648/Gara345.htm
COD8648,Vecchio,,Staffetta 4x1 giro Promesse Uomini,https://www.fidal.it/risultati/2021/COD8648/Gara360.htm
COD8648,Vecchio,,60m Promesse Donne,https://www.fidal.it/risultati/2021/COD8648/Gara401.htm
COD8648,Vecchio,,400m Promesse Donne,https://www.fidal.it/risultati/2021/COD8648/Gara406.htm
COD8648,Vecchio,,800m Promesse Donne,https://www.fidal.it/risultati/2021/COD8648/Gara408.htm
COD8648,Vecchio,,1500m Promesse Donne,https://www.fidal.it/risultati/2021/COD8648/Gara411.htm
COD8648,Vecchio,,3000m Promesse Donne,https://www.fidal.it/risultati/2021/COD8648/Gara413.htm
COD8648,Vecchio,,60 Hs Promesse Donne,https://www.fidal.it/risultati/2021/COD8648/Gara420.htm
COD8648,Vecchio,,Marcia 3000m Promesse Donne,https://www.fidal.it/risultati/2021/COD8648/Gara443.htm
COD8648,Vecchio,,Staffetta 4x1 giro Promesse Donne,https://www.fidal.it/risultati/2021/COD8648/Gara460.htm
COD8648,Vecchio,,Peso Juniores Uomini,https://www.fidal.it/risultati/2021/COD8648/Gara131.htm
COD8648,Vecchio,,Peso Juniores Donne,https://www.fidal.it/risultati/2021/COD8648/Gara231.htm
COD8648,Vecchio,,Peso Promesse Uomini,https://www.fidal.it/risultati/2021/COD8648/Gara331.htm
COD8648,Vecchio,,Peso Promesse Donne,https://www.fidal.it/risultati/2021/COD8648/Gara431.htm
REG24638,Vecchio,,200m  ALLIEVE,https://www.fidal.it/risultati/2021/REG24638/Gara104.htm
REG24638,Vecchio,,800m  ALLIEVE,https://www.fidal.it/risultati/2021/REG24638/Gara108.htm
REG24638,Vecchio,,200m  ALLIEVI,https://www.fidal.it/risultati/2021/REG24638/Gara204.htm
REG24638,Vecchio,,800m  ALLIEVI,https://www.fidal.it/risultati/2021/REG24638/Gara208.htm
REG24638,Vecchio,,Alto  ALLIEVE,https://www.fidal.it/risultati/2021/REG24638/Gara126.htm
REG24638,Vecchio,,Triplo ALLIEVE,https://www.fidal.it/risultati/2021/REG24638/Gara129.htm
REG24638,Vecchio,,Asta  ALLIEVI,https://www.fidal.it/risultati/2021/REG24638/Gara227.htm
REG24638,Vecchio,,Triplo ALLIEVI,https://www.fidal.it/risultati/2021/REG24638/Gara229.htm
REG24768,Vecchio,,60 Hs H91 Allievi,https://www.fidal.it/risultati/2021/REG24768/Gara020.htm
REG24768,Vecchio,,60 Hs H76 Allieve,https://www.fidal.it/risultati/2021/REG24768/Gara120.htm
REG24768,Vecchio,,60 Hs H84 Promesse Donne,https://www.fidal.it/risultati/2021/REG24768/Gara520.htm
REG24768,Vecchio,,60 metri Uomini,https://www.fidal.it/risultati/2021/REG24768/Gara601.htm
REG24768,Vecchio,,60 Hs H106 Uomini,https://www.fidal.it/risultati/2021/REG24768/Gara620.htm
REG24768,Vecchio,,60 metri Donne,https://www.fidal.it/risultati/2021/REG24768/Gara701.htm
REG24768,Vecchio,,60 Hs H84 Donne,https://www.fidal.it/risultati/2021/REG24768/Gara720.htm
REG24768,Vecchio,,Salto in alto Allievi,https://www.fidal.it/risultati/2021/REG24768/Gara026.htm
REG24768,Vecchio,,Salto con l'asta Allievi,https://www.fidal.it/risultati/2021/REG24768/Gara027.htm
REG24768,Vecchio,,Salto in lungo Allievi,https://www.fidal.it/risultati/2021/REG24768/Gara028.htm
REG24768,Vecchio,,Salto con l'asta Allieve,https://www.fidal.it/risultati/2021/REG24768/Gara127.htm
REG24768,Vecchio,,Salto in lungo Allieve,https://www.fidal.it/risultati/2021/REG24768/Gara128.htm
REG24768,Vecchio,,Salto in alto Juniores Donne,https://www.fidal.it/risultati/2021/REG24768/Gara326.htm
REG24768,Vecchio,,Salto in lungo Juniores Donne,https://www.fidal.it/risultati/2021/REG24768/Gara328.htm
REG24768,Vecchio,,Salto triplo Juniores Donne,https://www.fidal.it/risultati/2021/REG24768/Gara329.htm
REG24768,Vecchio,,Salto in alto Promesse Donne,https://www.fidal.it/risultati/2021/REG24768/Gara526.htm
REG24768,Vecchio,,Salto triplo Promesse Donne,https://www.fidal.it/risultati/2021/REG24768/Gara529.htm
REG24768,Vecchio,,Salto in alto Uomini,https://www.fidal.it/risultati/2021/REG24768/Gara626.htm
REG24768,Vecchio,,Salto con l'asta Uomini,https://www.fidal.it/risultati/2021/REG24768/Gara627.htm
REG24768,Vecchio,,Salto in lungo Uomini,https://www.fidal.it/risultati/2021/REG24768/Gara628.htm
REG24768,Vecchio,,Salto con l'asta Donne,https://www.fidal.it/risultati/2021/REG24768/Gara727.htm
REG24768,Vecchio,,Salto in lungo Donne,https://www.fidal.it/risultati/2021/REG24768/Gara728.htm
REG24719,Vecchio,,60 piani ALLIEVE - 1^ Prova,https://www.fidal.it/risultati/2021/REG24719/Gara101.htm
REG24719,Vecchio,,60 piani ALLIEVE - 2^ Prova,https://www.fidal.it/risultati/2021/REG24719/Gara102.htm
REG24719,Vecchio,,60 piani ALLIEVI - 1^ Prova,https://www.fidal.it/risultati/2021/REG24719/Gara201.htm
REG24719,Vecchio,,60 piani ALLIEVI - 2^ Prova,https://www.fidal.it/risultati/2021/REG24719/Gara202.htm
REG24637,Vecchio,,400 metri ALLIEVE,https://www.fidal.it/risultati/2021/REG24637/Gara106.htm
REG24637,Vecchio,,1500 metri ALLIEVE,https://www.fidal.it/risultati/2021/REG24637/Gara111.htm
REG24637,Vecchio,,400 metri ALLIEVI,https://www.fidal.it/risultati/2021/REG24637/Gara206.htm
REG24637,Vecchio,,1500 metri ALLIEVI,https://www.fidal.it/risultati/2021/REG24637/Gara211.htm
REG24637,Vecchio,,Lungo ALLIEVE,https://www.fidal.it/risultati/2021/REG24637/Gara128.htm
REG24637,Vecchio,,Alto ALLIEVI,https://www.fidal.it/risultati/2021/REG24637/Gara226.htm
REG24784,Vecchio,,Salto in alto  Allievi,https://www.fidal.it/risultati/2021/REG24784/Gara126.htm
REG24784,Vecchio,,Salto con l'asta  Allievi,https://www.fidal.it/risultati/2021/REG24784/Gara127.htm
REG24784,Vecchio,,Salto in lungo  Allievi,https://www.fidal.it/risultati/2021/REG24784/Gara128.htm
REG24784,Vecchio,,Salto triplo  Allievi,https://www.fidal.it/risultati/2021/REG24784/Gara129.htm
REG24784,Vecchio,,Salto in alto  Allieve,https://www.fidal.it/risultati/2021/REG24784/Gara226.htm
REG24784,Vecchio,,Salto in lungo  Allieve,https://www.fidal.it/risultati/2021/REG24784/Gara228.htm
REG24784,Vecchio,,Salto triplo  Allieve,https://www.fidal.it/risultati/2021/REG24784/Gara229.htm
REG24720,Vecchio,,60 piani ASSOLUTI FEMMINILE - 1^ Prova,https://www.fidal.it/risultati/2021/REG24720/Gara001.htm
REG24720,Vecchio,,60 piani ASSOLUTI FEMMINILE - 2^ Prova,https://www.fidal.it/risultati/2021/REG24720/Gara002.htm
REG24720,Vecchio,,60 piani ASSOLUTI MASCHILE - 1^ Prova,https://www.fidal.it/risultati/2021/REG24720/Gara101.htm
REG24720,Vecchio,,60 piani ASSOLUTI MASCHILE - 2^ Prova,https://www.fidal.it/risultati/2021/REG24720/Gara102.htm
REG24720,Vecchio,,Salto in alto/HJ ASSOLUTI FEMMINILE,https://www.fidal.it/risultati/2021/REG24720/Gara026.htm
REG24720,Vecchio,,Salto in alto/HJ ASSOLUTI MASCHILE,https://www.fidal.it/risultati/2021/REG24720/Gara126.htm
REG24792,Vecchio,,60 piani  DONNE,https://www.fidal.it/risultati/2021/REG24792/Gara101.htm
REG24792,Vecchio,,60 Hs H 76  ALLIEVE,https://www.fidal.it/risultati/2021/REG24792/Gara119.htm
REG24792,Vecchio,,60 Hs H 84  DONNE,https://www.fidal.it/risultati/2021/REG24792/Gara120.htm
REG24792,Vecchio,,60 piani  UOMINI,https://www.fidal.it/risultati/2021/REG24792/Gara201.htm
REG24792,Vecchio,,60 Hs H 91  ALLIEVI,https://www.fidal.it/risultati/2021/REG24792/Gara220.htm
REG24792,Vecchio,,60 Hs H 100  JUNIOR UOMINI,https://www.fidal.it/risultati/2021/REG24792/Gara221.htm
REG24792,Vecchio,,60 Hs H 106  UOMINI,https://www.fidal.it/risultati/2021/REG24792/Gara222.htm
REG24792,Vecchio,,Asta  DONNE - 1 gruppo,https://www.fidal.it/risultati/2021/REG24792/Gara127.htm
REG24792,Vecchio,,Asta  DONNE - 2 gruppo,https://www.fidal.it/risultati/2021/REG24792/Gara128.htm
REG24792,Vecchio,,Triplo DONNE,https://www.fidal.it/risultati/2021/REG24792/Gara129.htm
REG24792,Vecchio,,Lungo  UOMINI,https://www.fidal.it/risultati/2021/REG24792/Gara228.htm
REG24785,Vecchio,,60m  J/P/S M 1^ gruppo,https://www.fidal.it/risultati/2021/REG24785/Gara201.htm
REG24785,Vecchio,,60m  J/P/S M 2^ gruppo,https://www.fidal.it/risultati/2021/REG24785/Gara202.htm
REG24785,Vecchio,,60 Hs H 100 JUNIORES M,https://www.fidal.it/risultati/2021/REG24785/Gara219.htm
REG24785,Vecchio,,60 Hs H 106 J/P/S M,https://www.fidal.it/risultati/2021/REG24785/Gara220.htm
REG24785,Vecchio,,60 Hs H 91-8.50 SM50,https://www.fidal.it/risultati/2021/REG24785/Gara221.htm
REG24785,Vecchio,,60m  J/P/S F 1^ gruppo,https://www.fidal.it/risultati/2021/REG24785/Gara401.htm
REG24785,Vecchio,,60m  J/P/S F 2^ gruppo,https://www.fidal.it/risultati/2021/REG24785/Gara402.htm
REG24785,Vecchio,,60 Hs H 84-8.50 J/P/S F,https://www.fidal.it/risultati/2021/REG24785/Gara420.htm
COD8650,Vecchio,,60m Allievi,https://www.fidal.it/risultati/2021/COD8650/Gara001.htm
COD8650,Vecchio,,200m Allievi,https://www.fidal.it/risultati/2021/COD8650/Gara004.htm
COD8650,Vecchio,,400m Allievi,https://www.fidal.it/risultati/2021/COD8650/Gara006.htm
COD8650,Vecchio,,800m Allievi,https://www.fidal.it/risultati/2021/COD8650/Gara008.htm
COD8650,Vecchio,,1500m Allievi,https://www.fidal.it/risultati/2021/COD8650/Gara011.htm
COD8650,Vecchio,,60 Hs Allievi,https://www.fidal.it/risultati/2021/COD8650/Gara020.htm
COD8650,Vecchio,,Marcia 5000m Allievi,https://www.fidal.it/risultati/2021/COD8650/Gara045.htm
COD8650,Vecchio,,Staffetta 4x1 giro Allievi,https://www.fidal.it/risultati/2021/COD8650/Gara060.htm
COD8650,Vecchio,,60m Allieve,https://www.fidal.it/risultati/2021/COD8650/Gara101.htm
COD8650,Vecchio,,200m Allieve,https://www.fidal.it/risultati/2021/COD8650/Gara104.htm
COD8650,Vecchio,,400m Allieve,https://www.fidal.it/risultati/2021/COD8650/Gara106.htm
COD8650,Vecchio,,800m Allieve,https://www.fidal.it/risultati/2021/COD8650/Gara108.htm
COD8650,Vecchio,,1500m Allieve,https://www.fidal.it/risultati/2021/COD8650/Gara111.htm
COD8650,Vecchio,,60 Hs Allieve,https://www.fidal.it/risultati/2021/COD8650/Gara120.htm
COD8650,Vecchio,,Marcia 3000m Allieve,https://www.fidal.it/risultati/2021/COD8650/Gara145.htm
COD8650,Vecchio,,Staffetta 4x1 giro Allieve,https://www.fidal.it/risultati/2021/COD8650/Gara160.htm
COD8650,Vecchio,,Peso Allievi,https://www.fidal.it/risultati/2021/COD8650/Gara030.htm
COD8650,Vecchio,,Peso Allieve,https://www.fidal.it/risultati/2021/COD8650/Gara130.htm
REG24794,Vecchio,,400 metri DONNE,https://www.fidal.it/risultati/2021/REG24794/Gara106.htm
REG24794,Vecchio,,800m  DONNE,https://www.fidal.it/risultati/2021/REG24794/Gara108.htm
REG24794,Vecchio,,400 metri UOMINI,https://www.fidal.it/risultati/2021/REG24794/Gara206.htm
REG24794,Vecchio,,800m  UOMINI,https://www.fidal.it/risultati/2021/REG24794/Gara208.htm
REG24794,Vecchio,,Peso Kg 4 DONNE,https://www.fidal.it/risultati/2021/REG24794/Gara131.htm
REG24794,Vecchio,,Peso Kg 5 ALLIEVI,https://www.fidal.it/risultati/2021/REG24794/Gara231.htm
REG24794,Vecchio,,Peso Kg 7.260 UOMINI,https://www.fidal.it/risultati/2021/REG24794/Gara233.htm
REG24793,Vecchio,,1500 metri DONNE,https://www.fidal.it/risultati/2021/REG24793/Gara111.htm
REG24793,Vecchio,,3000m  DONNE,https://www.fidal.it/risultati/2021/REG24793/Gara113.htm
REG24793,Vecchio,,1500 metri UOMINI,https://www.fidal.it/risultati/2021/REG24793/Gara211.htm
REG24793,Vecchio,,3000m  UOMINI,https://www.fidal.it/risultati/2021/REG24793/Gara213.htm
REG24793,Vecchio,,Alto UOMINI,https://www.fidal.it/risultati/2021/REG24793/Gara226.htm
REG24793,Vecchio,,Asta  UOMINI,https://www.fidal.it/risultati/2021/REG24793/Gara227.htm
REG24793,Vecchio,,Triplo UOMINI,https://www.fidal.it/risultati/2021/REG24793/Gara229.htm
REG24770,Vecchio,,60 Hs H91 Allievi,https://www.fidal.it/risultati/2021/REG24770/Gara020.htm
REG24770,Vecchio,,60 Hs H76 Allieve,https://www.fidal.it/risultati/2021/REG24770/Gara120.htm
REG24770,Vecchio,,60 Hs H100 Juniores Uomini,https://www.fidal.it/risultati/2021/REG24770/Gara220.htm
REG24770,Vecchio,,60 Hs H84 Juniores Donne,https://www.fidal.it/risultati/2021/REG24770/Gara320.htm
REG24770,Vecchio,,60 metri Uomini,https://www.fidal.it/risultati/2021/REG24770/Gara601.htm
REG24770,Vecchio,,60 Hs H106 Uomini,https://www.fidal.it/risultati/2021/REG24770/Gara620.htm
REG24770,Vecchio,,60 metri Donne,https://www.fidal.it/risultati/2021/REG24770/Gara701.htm
REG24770,Vecchio,,Salto in alto Allieve,https://www.fidal.it/risultati/2021/REG24770/Gara126.htm
REG24770,Vecchio,,Salto in alto Uomini,https://www.fidal.it/risultati/2021/REG24770/Gara626.htm
REG24770,Vecchio,,Salto con l'asta Uomini,https://www.fidal.it/risultati/2021/REG24770/Gara627.htm
REG24770,Vecchio,,Salto in lungo Uomini,https://www.fidal.it/risultati/2021/REG24770/Gara628.htm
REG24770,Vecchio,,Salto triplo Uomini,https://www.fidal.it/risultati/2021/REG24770/Gara629.htm
REG24770,Vecchio,,Salto in alto Donne,https://www.fidal.it/risultati/2021/REG24770/Gara726.htm
REG24770,Vecchio,,Salto in lungo Donne,https://www.fidal.it/risultati/2021/REG24770/Gara728.htm
REG24770,Vecchio,,Salto triplo Donne,https://www.fidal.it/risultati/2021/REG24770/Gara729.htm
REG24770,Vecchio,,Salto in alto SM50,https://www.fidal.it/risultati/2021/REG24770/Gara799.htm
REG24770,Vecchio,,Salto con l'asta SM60,https://www.fidal.it/risultati/2021/REG24770/Gara800.htm
REG24786,Vecchio,,Salto in alto J/P/S M,https://www.fidal.it/risultati/2021/REG24786/Gara226.htm
REG24786,Vecchio,,Salto con l'asta J/P/S M,https://www.fidal.it/risultati/2021/REG24786/Gara227.htm
REG24786,Vecchio,,Salto in lungo J/P/S M,https://www.fidal.it/risultati/2021/REG24786/Gara228.htm
REG24786,Vecchio,,Salto triplo J/P/S M,https://www.fidal.it/risultati/2021/REG24786/Gara229.htm
REG24786,Vecchio,,Salto in alto J/P/S F,https://www.fidal.it/risultati/2021/REG24786/Gara426.htm
REG24786,Vecchio,,Salto con l'asta J/P/S F,https://www.fidal.it/risultati/2021/REG24786/Gara427.htm
REG24786,Vecchio,,Salto in lungo J/P/S F,https://www.fidal.it/risultati/2021/REG24786/Gara428.htm
REG24786,Vecchio,,Salto triplo J/P/S F,https://www.fidal.it/risultati/2021/REG24786/Gara429.htm
REG24818,Vecchio,,800m Pentathlon AF,https://www.fidal.it/risultati/2021/REG24818/Gara001.htm
REG24818,Vecchio,,60 Hs H 76-8.50 Pentathlon ALLIEVE,https://www.fidal.it/risultati/2021/REG24818/Gara002.htm
REG24818,Vecchio,,1000m Penthalon ALLIEVI,https://www.fidal.it/risultati/2021/REG24818/Gara006.htm
REG24818,Vecchio,,60 Hs H 91-9.14 Penthalon ALLIEVI,https://www.fidal.it/risultati/2021/REG24818/Gara007.htm
REG24818,Vecchio,,800m Penthalon J/P/S F,https://www.fidal.it/risultati/2021/REG24818/Gara011.htm
REG24818,Vecchio,,60 Hs H 84-8.50 Penthalon J/P/S F,https://www.fidal.it/risultati/2021/REG24818/Gara012.htm
REG24818,Vecchio,,60m Eptathlon JUNIOR M,https://www.fidal.it/risultati/2021/REG24818/Gara016.htm
REG24818,Vecchio,,1000m Eptathlon JUNIOR M,https://www.fidal.it/risultati/2021/REG24818/Gara017.htm
REG24818,Vecchio,,60 Hs H 100 Eptathlon JUNIOR M,https://www.fidal.it/risultati/2021/REG24818/Gara018.htm
REG24818,Vecchio,,60m Eptathlon P/S M,https://www.fidal.it/risultati/2021/REG24818/Gara023.htm
REG24818,Vecchio,,1000m Eptathlon P/S M,https://www.fidal.it/risultati/2021/REG24818/Gara024.htm
REG24818,Vecchio,,60 Hs H 106 Eptathlon P/S M,https://www.fidal.it/risultati/2021/REG24818/Gara025.htm
REG24818,Vecchio,,Peso Kg 3.000 Pentathlon ALLIEVE,https://www.fidal.it/risultati/2021/REG24818/Gara005.htm
REG24818,Vecchio,,Peso Kg 5.000 Penthalon ALLIEVI,https://www.fidal.it/risultati/2021/REG24818/Gara010.htm
REG24818,Vecchio,,Peso Kg 4.000 Penthalon J/P/S F,https://www.fidal.it/risultati/2021/REG24818/Gara015.htm
REG24818,Vecchio,,Peso Kg 6.000 Eptathlon JUNIOR M,https://www.fidal.it/risultati/2021/REG24818/Gara022.htm
REG24818,Vecchio,,Peso Kg 7.260 Eptathlon P/S M,https://www.fidal.it/risultati/2021/REG24818/Gara029.htm
REG24818,Vecchio,,"Disco Kg 1,500 ALLIEVI",https://www.fidal.it/risultati/2021/REG24818/Gara332.htm
REG24818,Vecchio,,Martello Kg 5.000 ALLIEVI,https://www.fidal.it/risultati/2021/REG24818/Gara333.htm
REG24818,Vecchio,,Giavellotto Gr700 ALLIEVI,https://www.fidal.it/risultati/2021/REG24818/Gara334.htm
REG24818,Vecchio,,"Disco Kg 1,000 ALLIEVE",https://www.fidal.it/risultati/2021/REG24818/Gara532.htm
REG24818,Vecchio,,Martello Kg 3.000 ALLIEVE,https://www.fidal.it/risultati/2021/REG24818/Gara533.htm
REG24818,Vecchio,,Giavellotto Gr500 ALLIEVE,https://www.fidal.it/risultati/2021/REG24818/Gara534.htm
REG24799,Vecchio,,60 piani EPTATHLON PROMESSE UOMINI,https://www.fidal.it/risultati/2021/REG24799/Gara031.htm
REG24799,Vecchio,,60hs H106 EPTATHLON PROMESSE UOMINI,https://www.fidal.it/risultati/2021/REG24799/Gara035.htm
REG24799,Vecchio,,1000m. EPTATHLON PROMESSE UOMINI,https://www.fidal.it/risultati/2021/REG24799/Gara037.htm
REG24799,Vecchio,,60 piani EPTATHLON JUNIOR UOMINI,https://www.fidal.it/risultati/2021/REG24799/Gara041.htm
REG24799,Vecchio,,60hs H100 EPTATHLON JUNIOR UOMINI,https://www.fidal.it/risultati/2021/REG24799/Gara045.htm
REG24799,Vecchio,,1000m. EPTATHLON JUNIOR UOMINI,https://www.fidal.it/risultati/2021/REG24799/Gara047.htm
REG24799,Vecchio,,60hs H84 PENTATHLON JUN. PRO. DONNE,https://www.fidal.it/risultati/2021/REG24799/Gara051.htm
REG24799,Vecchio,,800m. PENTATHLON JUN. PRO. DONNE,https://www.fidal.it/risultati/2021/REG24799/Gara055.htm
REG24799,Vecchio,,60hs H76 PENTATHLON ALLIEVE,https://www.fidal.it/risultati/2021/REG24799/Gara061.htm
REG24799,Vecchio,,800m. PENTATHLON ALLIEVE,https://www.fidal.it/risultati/2021/REG24799/Gara065.htm
REG24799,Vecchio,,60hs H91 PENTATHLON ALLIEVI,https://www.fidal.it/risultati/2021/REG24799/Gara071.htm
REG24799,Vecchio,,1000m. PENTATHLON ALLIEVI,https://www.fidal.it/risultati/2021/REG24799/Gara075.htm
REG24799,Vecchio,,Peso Kg 7.260 EPTATHLON PROMESSE UOMINI,https://www.fidal.it/risultati/2021/REG24799/Gara033.htm
REG24799,Vecchio,,Peso Kg 6 EPTATHLON JUNIOR UOMINI,https://www.fidal.it/risultati/2021/REG24799/Gara043.htm
REG24799,Vecchio,,Peso Kg 4  PENTATHLON JUN. PRO. DONNE,https://www.fidal.it/risultati/2021/REG24799/Gara053.htm
REG24799,Vecchio,,Peso Kg 3 PENTATHLON ALLIEVE,https://www.fidal.it/risultati/2021/REG24799/Gara063.htm
REG24799,Vecchio,,Peso Kg 5 PENTATHLON ALLIEVI,https://www.fidal.it/risultati/2021/REG24799/Gara073.htm
COD8651,Vecchio,,60m Uomini,https://www.fidal.it/risultati/2021/COD8651/Gara101.htm
COD8651,Vecchio,,400m Uomini,https://www.fidal.it/risultati/2021/COD8651/Gara106.htm
COD8651,Vecchio,,800m Uomini,https://www.fidal.it/risultati/2021/COD8651/Gara108.htm
COD8651,Vecchio,,1500m Uomini,https://www.fidal.it/risultati/2021/COD8651/Gara111.htm
COD8651,Vecchio,,3000m Uomini,https://www.fidal.it/risultati/2021/COD8651/Gara113.htm
COD8651,Vecchio,,60 Hs Uomini,https://www.fidal.it/risultati/2021/COD8651/Gara120.htm
COD8651,Vecchio,,Marcia 5000m Uomini,https://www.fidal.it/risultati/2021/COD8651/Gara145.htm
COD8651,Vecchio,,Staffetta 4x2 giri Uomini,https://www.fidal.it/risultati/2021/COD8651/Gara148.htm
COD8651,Vecchio,,60m EPTATHLON,https://www.fidal.it/risultati/2021/COD8651/Gara151.htm
COD8651,Vecchio,,60 Hs EPTATHLON,https://www.fidal.it/risultati/2021/COD8651/Gara155.htm
COD8651,Vecchio,,1000m EPTATHLON,https://www.fidal.it/risultati/2021/COD8651/Gara157.htm
COD8651,Vecchio,,60m Donne,https://www.fidal.it/risultati/2021/COD8651/Gara201.htm
COD8651,Vecchio,,400m Donne,https://www.fidal.it/risultati/2021/COD8651/Gara206.htm
COD8651,Vecchio,,800m Donne,https://www.fidal.it/risultati/2021/COD8651/Gara208.htm
COD8651,Vecchio,,1500m Donne,https://www.fidal.it/risultati/2021/COD8651/Gara211.htm
COD8651,Vecchio,,3000m Donne,https://www.fidal.it/risultati/2021/COD8651/Gara213.htm
COD8651,Vecchio,,60 Hs Donne,https://www.fidal.it/risultati/2021/COD8651/Gara220.htm
COD8651,Vecchio,,Marcia 3000m Donne,https://www.fidal.it/risultati/2021/COD8651/Gara243.htm
COD8651,Vecchio,,Staffetta 4x2 giri Donne,https://www.fidal.it/risultati/2021/COD8651/Gara248.htm
COD8651,Vecchio,,60 Hs PENTATHLON,https://www.fidal.it/risultati/2021/COD8651/Gara251.htm
COD8651,Vecchio,,800m PENTATHLON,https://www.fidal.it/risultati/2021/COD8651/Gara255.htm
COD8651,Vecchio,,Peso Uomini,https://www.fidal.it/risultati/2021/COD8651/Gara131.htm
COD8651,Vecchio,,Peso EPTATHLON,https://www.fidal.it/risultati/2021/COD8651/Gara153.htm
COD8651,Vecchio,,Peso Donne,https://www.fidal.it/risultati/2021/COD8651/Gara231.htm
COD8651,Vecchio,,Peso  PENTATHLON,https://www.fidal.it/risultati/2021/COD8651/Gara253.htm
REG24796,Vecchio,,60m  MASTER DONNE,https://www.fidal.it/risultati/2021/REG24796/Gara301.htm
REG24796,Vecchio,,200m  MASTER DONNE,https://www.fidal.it/risultati/2021/REG24796/Gara304.htm
REG24796,Vecchio,,400m  MASTER DONNE,https://www.fidal.it/risultati/2021/REG24796/Gara306.htm
REG24796,Vecchio,,800m  MASTER DONNE,https://www.fidal.it/risultati/2021/REG24796/Gara308.htm
REG24796,Vecchio,,1500m  MASTER DONNE,https://www.fidal.it/risultati/2021/REG24796/Gara311.htm
REG24796,Vecchio,,3000m  MASTER DONNE (con minimo),https://www.fidal.it/risultati/2021/REG24796/Gara313.htm
REG24796,Vecchio,,60 Hs  MASTER DONNE,https://www.fidal.it/risultati/2021/REG24796/Gara320.htm
REG24796,Vecchio,,60m  MASTER UOMINI,https://www.fidal.it/risultati/2021/REG24796/Gara401.htm
REG24796,Vecchio,,200m  MASTER UOMINI,https://www.fidal.it/risultati/2021/REG24796/Gara404.htm
REG24796,Vecchio,,400m  MASTER UOMINI,https://www.fidal.it/risultati/2021/REG24796/Gara406.htm
REG24796,Vecchio,,800m  MASTER UOMINI,https://www.fidal.it/risultati/2021/REG24796/Gara408.htm
REG24796,Vecchio,,1500m  MASTER UOMINI,https://www.fidal.it/risultati/2021/REG24796/Gara411.htm
REG24796,Vecchio,,3000m  MASTER UOMINI (con minimo),https://www.fidal.it/risultati/2021/REG24796/Gara413.htm
REG24796,Vecchio,,60 Hs  MASTER UOMINI,https://www.fidal.it/risultati/2021/REG24796/Gara420.htm
REG24796,Vecchio,,Peso  MASTER DONNE,https://www.fidal.it/risultati/2021/REG24796/Gara331.htm
REG24796,Vecchio,,Peso  MASTER UOMINI,https://www.fidal.it/risultati/2021/REG24796/Gara431.htm
REG24796,Vecchio,,Peso Kg 7.260 ASSOLUTI UOMINI (EXTRA),https://www.fidal.it/risultati/2021/REG24796/Gara436.htm
REG24778,Vecchio,,60 piani MASTER FEMMINILE,https://www.fidal.it/risultati/2021/REG24778/Gara001.htm
REG24778,Vecchio,,60 Hs H 84-8.50 MASTER 35 FEMMINILE,https://www.fidal.it/risultati/2021/REG24778/Gara020.htm
REG24778,Vecchio,,60 Hs H 76-8.00 MASTER 40-45 FEMMINILE,https://www.fidal.it/risultati/2021/REG24778/Gara021.htm
REG24778,Vecchio,,60 Hs H 76-7.00 MASTER 50-55 FEMMINILE,https://www.fidal.it/risultati/2021/REG24778/Gara022.htm
REG24778,Vecchio,,60 Hs H 68.6-7.00 MASTER 60+ FEMMINILE,https://www.fidal.it/risultati/2021/REG24778/Gara023.htm
REG24778,Vecchio,,60 piani MASTER MASCHILE,https://www.fidal.it/risultati/2021/REG24778/Gara101.htm
REG24778,Vecchio,,60 Hs H 100 MASTER 35-40-45 MASCHILE,https://www.fidal.it/risultati/2021/REG24778/Gara120.htm
REG24778,Vecchio,,60 Hs H 91-8.50 MASTER 50-55 MASCHILE,https://www.fidal.it/risultati/2021/REG24778/Gara121.htm
REG24778,Vecchio,,60 Hs H 84-8.00 MASTER 60-65 MASCHILE,https://www.fidal.it/risultati/2021/REG24778/Gara122.htm
REG24778,Vecchio,,60 Hs H 76-7.00 MASTER 70-75 MASCHILE,https://www.fidal.it/risultati/2021/REG24778/Gara123.htm
REG24778,Vecchio,,Salto in alto/HJ MASTER FEMMINILE,https://www.fidal.it/risultati/2021/REG24778/Gara026.htm
REG24778,Vecchio,,Salto con l'asta/PV MASTER FEMMINILE,https://www.fidal.it/risultati/2021/REG24778/Gara027.htm
REG24778,Vecchio,,Salto in lungo/LJ MASTER FEMMINILE,https://www.fidal.it/risultati/2021/REG24778/Gara028.htm
REG24778,Vecchio,,Salto in alto/HJ MASTER MASCHILE,https://www.fidal.it/risultati/2021/REG24778/Gara126.htm
REG24778,Vecchio,,Salto con l'asta/PV MASTER MASCHILE,https://www.fidal.it/risultati/2021/REG24778/Gara127.htm
REG24778,Vecchio,,Salto in lungo/LJ MASTER MASCHILE,https://www.fidal.it/risultati/2021/REG24778/Gara128.htm
COD8649,Vecchio,,60 piani EPTATHLON PROMESSE UOMINI,https://www.fidal.it/risultati/2021/COD8649/Gara041.htm
COD8649,Vecchio,,60hs H106 EPTATHLON PROMESSE UOMINI,https://www.fidal.it/risultati/2021/COD8649/Gara045.htm
COD8649,Vecchio,,1000m EPTATHLON PROMESSE UOMINI,https://www.fidal.it/risultati/2021/COD8649/Gara047.htm
COD8649,Vecchio,,60 piani EPTATHLON JUNIOR UOMINI,https://www.fidal.it/risultati/2021/COD8649/Gara051.htm
COD8649,Vecchio,,60hs H100 EPTATHLON JUNIOR UOMINI,https://www.fidal.it/risultati/2021/COD8649/Gara055.htm
COD8649,Vecchio,,1000m EPTATHLON JUNIOR UOMINI,https://www.fidal.it/risultati/2021/COD8649/Gara057.htm
COD8649,Vecchio,,60hs H84 PENTATHLON PROMESSE DONNE,https://www.fidal.it/risultati/2021/COD8649/Gara061.htm
COD8649,Vecchio,,800m PENTATHLON PROMESSE DONNE,https://www.fidal.it/risultati/2021/COD8649/Gara065.htm
COD8649,Vecchio,,60hs H84 PENTATHLON JUNIOR DONNE,https://www.fidal.it/risultati/2021/COD8649/Gara071.htm
COD8649,Vecchio,,800m PENTATHLON JUNIOR DONNE,https://www.fidal.it/risultati/2021/COD8649/Gara075.htm
COD8649,Vecchio,,60hs H76 PENTATHLON ALLIEVE,https://www.fidal.it/risultati/2021/COD8649/Gara081.htm
COD8649,Vecchio,,800m PENTATHLON ALLIEVE,https://www.fidal.it/risultati/2021/COD8649/Gara085.htm
COD8649,Vecchio,,60hs H91 PENTATHLON ALLIEVI,https://www.fidal.it/risultati/2021/COD8649/Gara091.htm
COD8649,Vecchio,,1000m PENTATHLON ALLIEVI,https://www.fidal.it/risultati/2021/COD8649/Gara095.htm
COD8649,Vecchio,,Peso Kg 7.260 EPTATHLON PROMESSE UOMINI,https://www.fidal.it/risultati/2021/COD8649/Gara043.htm
COD8649,Vecchio,,Peso Kg 6 EPTATHLON JUNIOR UOMINI,https://www.fidal.it/risultati/2021/COD8649/Gara053.htm
COD8649,Vecchio,,Peso Kg 4 PENTATHLON PROMESSE DONNE,https://www.fidal.it/risultati/2021/COD8649/Gara063.htm
COD8649,Vecchio,,Peso Kg 4 PENTATHLON JUNIOR DONNE,https://www.fidal.it/risultati/2021/COD8649/Gara073.htm
COD8649,Vecchio,,Peso Kg 3 PENTATHLON ALLIEVE,https://www.fidal.it/risultati/2021/COD8649/Gara083.htm
COD8649,Vecchio,,Peso Kg 5 PENTATHLON ALLIEVI,https://www.fidal.it/risultati/2021/COD8649/Gara093.htm
COD8652,Vecchio,,60 metri SF35,https://www.fidal.it/risultati/2021/COD8652/Gara301.htm
COD8652,Vecchio,,200 metri SF35,https://www.fidal.it/risultati/2021/COD8652/Gara302.htm
COD8652,Vecchio,,400 metri SF35,https://www.fidal.it/risultati/2021/COD8652/Gara303.htm
COD8652,Vecchio,,800 metri SF35,https://www.fidal.it/risultati/2021/COD8652/Gara304.htm
COD8652,Vecchio,,1500 metri SF35,https://www.fidal.it/risultati/2021/COD8652/Gara305.htm
COD8652,Vecchio,,3000 metri SF35,https://www.fidal.it/risultati/2021/COD8652/Gara306.htm
COD8652,Vecchio,,60 Hs H 84-8.50 SF35,https://www.fidal.it/risultati/2021/COD8652/Gara307.htm
COD8652,Vecchio,,Salto in alto/HJ SF35,https://www.fidal.it/risultati/2021/COD8652/Gara308.htm
COD8652,Vecchio,,Salto in lungo/LJ SF35,https://www.fidal.it/risultati/2021/COD8652/Gara310.htm
COD8652,Vecchio,,Salto triplo/TJ SF35,https://www.fidal.it/risultati/2021/COD8652/Gara311.htm
COD8652,Vecchio,,Marcia 3000m F35-40-45-50-55,https://www.fidal.it/risultati/2021/COD8652/Gara718.htm
COD8652,Vecchio,,Salto con l'asta/PV F35-40-45,https://www.fidal.it/risultati/2021/COD8652/Gara816.htm
COD8652,Vecchio,,Salto in lungo/LJ F35-40,https://www.fidal.it/risultati/2021/COD8652/Gara817.htm
COD8652,Vecchio,,Salto in alto/HJ F35-45,https://www.fidal.it/risultati/2021/COD8652/Gara820.htm
COD8652,Vecchio,,Salto triplo/TJ F35-45,https://www.fidal.it/risultati/2021/COD8652/Gara825.htm
COD8652,Vecchio,,60 metri SF45,https://www.fidal.it/risultati/2021/COD8652/Gara341.htm
COD8652,Vecchio,,200 metri SF45,https://www.fidal.it/risultati/2021/COD8652/Gara342.htm
COD8652,Vecchio,,400 metri SF45,https://www.fidal.it/risultati/2021/COD8652/Gara343.htm
COD8652,Vecchio,,800 metri SF45,https://www.fidal.it/risultati/2021/COD8652/Gara344.htm
COD8652,Vecchio,,1500 metri SF45,https://www.fidal.it/risultati/2021/COD8652/Gara345.htm
COD8652,Vecchio,,3000 metri SF45,https://www.fidal.it/risultati/2021/COD8652/Gara346.htm
COD8652,Vecchio,,60 Hs H 76-8.00 SF45,https://www.fidal.it/risultati/2021/COD8652/Gara347.htm
COD8652,Vecchio,,Salto in alto/HJ SF45,https://www.fidal.it/risultati/2021/COD8652/Gara348.htm
COD8652,Vecchio,,Salto con l'asta/PV SF45,https://www.fidal.it/risultati/2021/COD8652/Gara349.htm
COD8652,Vecchio,,Salto in lungo/LJ SF45,https://www.fidal.it/risultati/2021/COD8652/Gara350.htm
COD8652,Vecchio,,Salto triplo/TJ SF45,https://www.fidal.it/risultati/2021/COD8652/Gara351.htm
COD8652,Vecchio,,Peso/SP Kg 4.000 SF45,https://www.fidal.it/risultati/2021/COD8652/Gara352.htm
COD8652,Vecchio,,Marcia 3000 metri SF45,https://www.fidal.it/risultati/2021/COD8652/Gara357.htm
COD8652,Vecchio,,Marcia 3000m F35-40-45-50-55,https://www.fidal.it/risultati/2021/COD8652/Gara718.htm
COD8652,Vecchio,,60 Hs H 76-8.00 F40-45,https://www.fidal.it/risultati/2021/COD8652/Gara721.htm
COD8652,Vecchio,,Salto con l'asta/PV F35-40-45,https://www.fidal.it/risultati/2021/COD8652/Gara816.htm
COD8652,Vecchio,,Salto in alto/HJ F35-45,https://www.fidal.it/risultati/2021/COD8652/Gara820.htm
COD8652,Vecchio,,Peso/SP F45-55,https://www.fidal.it/risultati/2021/COD8652/Gara821.htm
COD8652,Vecchio,,Salto triplo/TJ F35-45,https://www.fidal.it/risultati/2021/COD8652/Gara825.htm
REG24956,Vecchio,,Salto con l'asta/PV CADETTI,https://www.fidal.it/risultati/2021/REG24956/Gara227.htm
REG24956,Vecchio,,Salto con l'asta/PV CADETTE,https://www.fidal.it/risultati/2021/REG24956/Gara327.htm
REG25368,Vecchio,,Asta - Gruppo 1,https://www.fidal.it/risultati/2021/REG25368/Gara127.htm
REG25368,Vecchio,,Asta - Gruppo 2,https://www.fidal.it/risultati/2021/REG25368/Gara130.htm
REG25368,Vecchio,,Asta - Gruppo 3,https://www.fidal.it/risultati/2021/REG25368/Gara131.htm
REG25368,Vecchio,,Asta - Gruppo 4,https://www.fidal.it/risultati/2021/REG25368/Gara132.htm
REG26983,Vecchio,,50m CADETTE,https://www.fidal.it/risultati/2021/REG26983/Gara156.htm
REG26983,Vecchio,,50m RAGAZZE,https://www.fidal.it/risultati/2021/REG26983/Gara256.htm
REG26983,Vecchio,,50 Hs H60 RAGAZZE,https://www.fidal.it/risultati/2021/REG26983/Gara258.htm
REG26983,Vecchio,,50m CADETTI,https://www.fidal.it/risultati/2021/REG26983/Gara356.htm
REG26983,Vecchio,,50m RAGAZZI,https://www.fidal.it/risultati/2021/REG26983/Gara456.htm
REG26983,Vecchio,,50 Hs H60 RAGAZZI,https://www.fidal.it/risultati/2021/REG26983/Gara458.htm
REG26983,Vecchio,,Peso Kg 2 RAGAZZE,https://www.fidal.it/risultati/2021/REG26983/Gara231.htm
REG26983,Vecchio,,Peso Kg 2 RAGAZZI,https://www.fidal.it/risultati/2021/REG26983/Gara431.htm
REG27018,Vecchio,,60m UOMINI,https://www.fidal.it/risultati/2021/REG27018/Gara001.htm
REG27018,Vecchio,,200m UOMINI,https://www.fidal.it/risultati/2021/REG27018/Gara004.htm
REG27018,Vecchio,,400m UOMINI,https://www.fidal.it/risultati/2021/REG27018/Gara006.htm
REG27018,Vecchio,,800m UOMINI,https://www.fidal.it/risultati/2021/REG27018/Gara008.htm
REG27018,Vecchio,,60m DONNE,https://www.fidal.it/risultati/2021/REG27018/Gara101.htm
REG27018,Vecchio,,200m DONNE,https://www.fidal.it/risultati/2021/REG27018/Gara104.htm
REG27018,Vecchio,,400m DONNE,https://www.fidal.it/risultati/2021/REG27018/Gara106.htm
REG27018,Vecchio,,60m CADETTI (U16),https://www.fidal.it/risultati/2021/REG27018/Gara201.htm
REG27018,Vecchio,,300m CADETTI (U16),https://www.fidal.it/risultati/2021/REG27018/Gara205.htm
REG27018,Vecchio,,1000m CADETTI (U16),https://www.fidal.it/risultati/2021/REG27018/Gara209.htm
REG27018,Vecchio,,60 piani CADETTE (U16),https://www.fidal.it/risultati/2021/REG27018/Gara301.htm
REG27018,Vecchio,,300 piani CADETTE (U16),https://www.fidal.it/risultati/2021/REG27018/Gara305.htm
REG27018,Vecchio,,1000 metri CADETTE (U16),https://www.fidal.it/risultati/2021/REG27018/Gara309.htm
REG27018,Vecchio,,Marcia 2000m CADETTE (U16),https://www.fidal.it/risultati/2021/REG27018/Gara342.htm
REG27018,Vecchio,,60m ESORDIENTI M 10,https://www.fidal.it/risultati/2021/REG27018/Gara401.htm
REG27018,Vecchio,,600m ESORDIENTI M 10,https://www.fidal.it/risultati/2021/REG27018/Gara407.htm
REG27018,Vecchio,,60m ESORDIENTI F 10,https://www.fidal.it/risultati/2021/REG27018/Gara501.htm
REG27018,Vecchio,,600m ESORDIENTI F 10,https://www.fidal.it/risultati/2021/REG27018/Gara507.htm
REG27018,Vecchio,,60m RAGAZZI (U14),https://www.fidal.it/risultati/2021/REG27018/Gara601.htm
REG27018,Vecchio,,600m RAGAZZI (U14),https://www.fidal.it/risultati/2021/REG27018/Gara607.htm
REG27018,Vecchio,,60m RAGAZZE (U14),https://www.fidal.it/risultati/2021/REG27018/Gara701.htm
REG27018,Vecchio,,600m RAGAZZE (U14),https://www.fidal.it/risultati/2021/REG27018/Gara707.htm
REG27018,Vecchio,,Marcia 1000m RAGAZZE (U14),https://www.fidal.it/risultati/2021/REG27018/Gara750.htm
REG27018,Vecchio,,Salto in lungo UOMINI,https://www.fidal.it/risultati/2021/REG27018/Gara028.htm
REG27018,Vecchio,,Salto in lungo DONNE,https://www.fidal.it/risultati/2021/REG27018/Gara128.htm
REG27018,Vecchio,,Salto in lungo CADETTI (U16),https://www.fidal.it/risultati/2021/REG27018/Gara228.htm
REG27018,Vecchio,,Salto in lungo RAGAZZI (U14),https://www.fidal.it/risultati/2021/REG27018/Gara628.htm
REG27018,Vecchio,,Salto in lungo RAGAZZE (U14),https://www.fidal.it/risultati/2021/REG27018/Gara728.htm
REG26839,Vecchio,,Salto con l'asta M+F,https://www.fidal.it/risultati/2021/REG26839/Gara127.htm
REG27135,Vecchio,,50m Cadetti,https://www.fidal.it/risultati/2021/REG27135/Gara056.htm
REG27135,Vecchio,,50 Hs H84 Cadetti,https://www.fidal.it/risultati/2021/REG27135/Gara058.htm
REG27135,Vecchio,,50m Cadette,https://www.fidal.it/risultati/2021/REG27135/Gara156.htm
REG27135,Vecchio,,50m Ragazzi,https://www.fidal.it/risultati/2021/REG27135/Gara256.htm
REG27135,Vecchio,,50 Hs H60 Ragazzi,https://www.fidal.it/risultati/2021/REG27135/Gara258.htm
REG27135,Vecchio,,50m Ragazze,https://www.fidal.it/risultati/2021/REG27135/Gara356.htm
REG27135,Vecchio,,50 Hs H60 Ragazze,https://www.fidal.it/risultati/2021/REG27135/Gara358.htm
REG27135,Vecchio,,50m Esordienti Maschi 10,https://www.fidal.it/risultati/2021/REG27135/Gara456.htm
REG27135,Vecchio,,50m Esordienti Femmine 10,https://www.fidal.it/risultati/2021/REG27135/Gara556.htm
REG27135,Vecchio,,50m Esordienti Maschi 8,https://www.fidal.it/risultati/2021/REG27135/Gara656.htm
REG27135,Vecchio,,50m Esordienti Femmine 8,https://www.fidal.it/risultati/2021/REG27135/Gara756.htm
REG27135,Vecchio,,50m Esordienti Maschi 5,https://www.fidal.it/risultati/2021/REG27135/Gara856.htm
REG27135,Vecchio,,50m Esordienti Femmine 5,https://www.fidal.it/risultati/2021/REG27135/Gara900.htm
REG26833,Vecchio,,Asta Uomini Gr. 1,https://www.fidal.it/risultati/2021/REG26833/Gara127.htm
REG26833,Vecchio,,Asta Donne Gr. 1,https://www.fidal.it/risultati/2021/REG26833/Gara227.htm
REG26833,Vecchio,,Asta Uomini Gr. 2,https://www.fidal.it/risultati/2021/REG26833/Gara327.htm
REG26833,Vecchio,,Asta Donne Gr. 2,https://www.fidal.it/risultati/2021/REG26833/Gara427.htm
REG26833,Vecchio,,Asta TOP 5 Uomini,https://www.fidal.it/risultati/2021/REG26833/Gara527.htm
REG26833,Vecchio,,Asta TOP 5 Donne,https://www.fidal.it/risultati/2021/REG26833/Gara627.htm
REG24643,Vecchissimo,,Salto con l'asta/PV DONNE,https://www.fidal.it/risultati/2021/REG24643/Gara027.htm
REG24643,Vecchissimo,,Salto con l'asta/PV UOMINI,https://www.fidal.it/risultati/2021/REG24643/Gara127.htm
REG24612,Vecchissimo,,60 piani Uomini,https://www.fidal.it/risultati/2021/REG24612/Gara001.htm
REG24612,Vecchissimo,,60 Hs H 106 Uomini,https://www.fidal.it/risultati/2021/REG24612/Gara020.htm
REG24612,Vecchissimo,,60 Hs H 100 Juniores Uomini,https://www.fidal.it/risultati/2021/REG24612/Gara021.htm
REG24612,Vecchissimo,,60 Hs H 91-9.14 Allievi,https://www.fidal.it/risultati/2021/REG24612/Gara022.htm
REG24612,Vecchissimo,,Salto con l'asta/PV Uomini,https://www.fidal.it/risultati/2021/REG24612/Gara027.htm
REG24612,Vecchissimo,,Salto triplo/TJ Uomini,https://www.fidal.it/risultati/2021/REG24612/Gara029.htm
REG24612,Vecchissimo,,60 piani Donne,https://www.fidal.it/risultati/2021/REG24612/Gara101.htm
REG24612,Vecchissimo,,60 Hs H 84-8.50 Donne,https://www.fidal.it/risultati/2021/REG24612/Gara120.htm
REG24612,Vecchissimo,,60 Hs H 84-8.50 Juniores Donne,https://www.fidal.it/risultati/2021/REG24612/Gara121.htm
REG24612,Vecchissimo,,60 Hs H 76-8.50 Allieve,https://www.fidal.it/risultati/2021/REG24612/Gara122.htm
REG24612,Vecchissimo,,Salto con l'asta/PV Donne,https://www.fidal.it/risultati/2021/REG24612/Gara127.htm
REG24612,Vecchissimo,,Salto triplo/TJ Donne,https://www.fidal.it/risultati/2021/REG24612/Gara129.htm
REG24612,Vecchissimo,,1-STA 16/01/2021,https://www.fidal.it/risultati/2021/REG24612/2021-01-16_1STA.pdf
REG24612,Vecchissimo,,1-STA 17/01/2021,https://www.fidal.it/risultati/2021/REG24612/2021-01-17_1STA.pdf
REG24612,Vecchissimo,,Risultati completi,https://www.fidal.it/risultati/2021/REG24612/Risultat.htm
REG24645,Vecchissimo,,Salto in alto/HJ DONNE,https://www.fidal.it/risultati/2021/REG24645/Gara026.htm
REG24645,Vecchissimo,,Salto in alto/HJ UOMINI,https://www.fidal.it/risultati/2021/REG24645/Gara126.htm
REG24615,Vecchissimo,,200m Uomini,https://www.fidal.it/risultati/2021/REG24615/Gara004.htm
REG24615,Vecchissimo,,400m Uomini,https://www.fidal.it/risultati/2021/REG24615/Gara006.htm
REG24615,Vecchissimo,,1500m Uomini,https://www.fidal.it/risultati/2021/REG24615/Gara011.htm
REG24615,Vecchissimo,,3000m Uomini,https://www.fidal.it/risultati/2021/REG24615/Gara013.htm
REG24615,Vecchissimo,,Salto in alto Uomini,https://www.fidal.it/risultati/2021/REG24615/Gara026.htm
REG24615,Vecchissimo,,Salto in lungo Uomini,https://www.fidal.it/risultati/2021/REG24615/Gara028.htm
REG24615,Vecchissimo,,Marcia 3000m Uomini,https://www.fidal.it/risultati/2021/REG24615/Gara043.htm
REG24615,Vecchissimo,,50m Uomini,https://www.fidal.it/risultati/2021/REG24615/Gara056.htm
REG24615,Vecchissimo,,50 Hs H106 Uomini,https://www.fidal.it/risultati/2021/REG24615/Gara058.htm
REG24615,Vecchissimo,,50 Hs H100 JM,https://www.fidal.it/risultati/2021/REG24615/Gara059.htm
REG24615,Vecchissimo,,50 Hs H91 AM,https://www.fidal.it/risultati/2021/REG24615/Gara060.htm
REG24615,Vecchissimo,,200m Donne,https://www.fidal.it/risultati/2021/REG24615/Gara104.htm
REG24615,Vecchissimo,,400m Donne,https://www.fidal.it/risultati/2021/REG24615/Gara106.htm
REG24615,Vecchissimo,,1500m Donne,https://www.fidal.it/risultati/2021/REG24615/Gara111.htm
REG24615,Vecchissimo,,3000m Donne,https://www.fidal.it/risultati/2021/REG24615/Gara113.htm
REG24615,Vecchissimo,,Salto in alto Donne,https://www.fidal.it/risultati/2021/REG24615/Gara126.htm
REG24615,Vecchissimo,,Salto in lungo Donne,https://www.fidal.it/risultati/2021/REG24615/Gara128.htm
REG24615,Vecchissimo,,Marcia 3000m Donne,https://www.fidal.it/risultati/2021/REG24615/Gara143.htm
REG24615,Vecchissimo,,50m Donne,https://www.fidal.it/risultati/2021/REG24615/Gara156.htm
REG24615,Vecchissimo,,50 Hs H84 Donne,https://www.fidal.it/risultati/2021/REG24615/Gara158.htm
REG24615,Vecchissimo,,50 Hs H84 JF,https://www.fidal.it/risultati/2021/REG24615/Gara159.htm
REG24615,Vecchissimo,,50 Hs H76 AF,https://www.fidal.it/risultati/2021/REG24615/Gara160.htm
REG24615,Vecchissimo,,Risultati completi,https://www.fidal.it/risultati/2021/REG24615/risultat.htm
REG24615,Vecchissimo,,1/sta 16/01/2021,https://www.fidal.it/risultati/2021/REG24615/1stasabato.pdf
REG24615,Vecchissimo,,1/sta 17/01/2021,https://www.fidal.it/risultati/2021/REG24615/1stadomenica.pdf
REG24648,Vecchissimo,,Salto in alto/HJ DONNE,https://www.fidal.it/risultati/2021/REG24648/Gara026.htm
REG24648,Vecchissimo,,Salto in alto/HJ UOMINI,https://www.fidal.it/risultati/2021/REG24648/Gara126.htm
REG24616,Vecchissimo,,200m Uomini,https://www.fidal.it/risultati/2021/REG24616/Gara004.htm
REG24616,Vecchissimo,,800m Uomini,https://www.fidal.it/risultati/2021/REG24616/Gara008.htm
REG24616,Vecchissimo,,3000m Uomini,https://www.fidal.it/risultati/2021/REG24616/Gara013.htm
REG24616,Vecchissimo,,Salto con l'asta Uomini,https://www.fidal.it/risultati/2021/REG24616/Gara027.htm
REG24616,Vecchissimo,,Salto in lungo Uomini,https://www.fidal.it/risultati/2021/REG24616/Gara028.htm
REG24616,Vecchissimo,,50m Uomini,https://www.fidal.it/risultati/2021/REG24616/Gara056.htm
REG24616,Vecchissimo,,50 Hs H106 Uomini,https://www.fidal.it/risultati/2021/REG24616/Gara058.htm
REG24616,Vecchissimo,,50 Hs H91 AM,https://www.fidal.it/risultati/2021/REG24616/Gara060.htm
REG24616,Vecchissimo,,200m Donne,https://www.fidal.it/risultati/2021/REG24616/Gara104.htm
REG24616,Vecchissimo,,800m Donne,https://www.fidal.it/risultati/2021/REG24616/Gara108.htm
REG24616,Vecchissimo,,3000m Donne,https://www.fidal.it/risultati/2021/REG24616/Gara113.htm
REG24616,Vecchissimo,,Salto con l'asta Donne,https://www.fidal.it/risultati/2021/REG24616/Gara127.htm
REG24616,Vecchissimo,,Salto triplo Donne,https://www.fidal.it/risultati/2021/REG24616/Gara129.htm
REG24616,Vecchissimo,,50m Donne,https://www.fidal.it/risultati/2021/REG24616/Gara156.htm
REG24616,Vecchissimo,,50 Hs H84 Donne,https://www.fidal.it/risultati/2021/REG24616/Gara158.htm
REG24616,Vecchissimo,,50 Hs H84 JF,https://www.fidal.it/risultati/2021/REG24616/Gara159.htm
REG24616,Vecchissimo,,50 Hs H76 AF,https://www.fidal.it/risultati/2021/REG24616/Gara160.htm
REG24616,Vecchissimo,,1/sta 23/01/2021,https://www.fidal.it/risultati/2021/REG24616/modello1sta23.pdf
REG24616,Vecchissimo,,1/sta 24/01/2021,https://www.fidal.it/risultati/2021/REG24616/modello1sta24.pdf
REG24616,Vecchissimo,,Risultati completi,https://www.fidal.it/risultati/2021/REG24616/Risultat.htm
REG24613,Vecchissimo,,60 piani Uomini,https://www.fidal.it/risultati/2021/REG24613/Gara001.htm
REG24613,Vecchissimo,,60 Hs H 106 Uomini,https://www.fidal.it/risultati/2021/REG24613/Gara020.htm
REG24613,Vecchissimo,,60 Hs H 100 Juniores Uomini,https://www.fidal.it/risultati/2021/REG24613/Gara021.htm
REG24613,Vecchissimo,,60 Hs H 91-9.14 Allievi,https://www.fidal.it/risultati/2021/REG24613/Gara022.htm
REG24613,Vecchissimo,,Salto in alto Uomini,https://www.fidal.it/risultati/2021/REG24613/Gara026.htm
REG24613,Vecchissimo,,60 piani Donne,https://www.fidal.it/risultati/2021/REG24613/Gara101.htm
REG24613,Vecchissimo,,60 Hs H 84-8.50 Donne,https://www.fidal.it/risultati/2021/REG24613/Gara120.htm
REG24613,Vecchissimo,,60 Hs H 84-8.50 Juniores Donne,https://www.fidal.it/risultati/2021/REG24613/Gara121.htm
REG24613,Vecchissimo,,60 Hs H 76-8.50 Allieve,https://www.fidal.it/risultati/2021/REG24613/Gara122.htm
REG24613,Vecchissimo,,Salto in alto Donne,https://www.fidal.it/risultati/2021/REG24613/Gara126.htm
REG24613,Vecchissimo,,Salto in lungo Donne,https://www.fidal.it/risultati/2021/REG24613/Gara128.htm
REG24613,Vecchissimo,,1-STA 23/01/2021,https://www.fidal.it/risultati/2021/REG24613/2021-01-23_1STA.pdf
REG24613,Vecchissimo,,1-STA 24/01/2021,https://www.fidal.it/risultati/2021/REG24613/2021-01-24_1STA.pdf
REG24613,Vecchissimo,,Risultati completi,https://www.fidal.it/risultati/2021/REG24613/Risultat.htm
COD8604,Vecchissimo,,50 metri Ragazzi,https://www.fidal.it/risultati/2021/COD8604/Gara019.htm
COD8604,Vecchissimo,,600 metri Ragazzi,https://www.fidal.it/risultati/2021/COD8604/Gara020.htm
COD8604,Vecchissimo,,Marcia 2000m Ragazzi,https://www.fidal.it/risultati/2021/COD8604/Gara021.htm
COD8604,Vecchissimo,,Salto in alto/HJ Ragazzi,https://www.fidal.it/risultati/2021/COD8604/Gara022.htm
COD8604,Vecchissimo,,Salto in lungo/LJ Ragazzi,https://www.fidal.it/risultati/2021/COD8604/Gara023.htm
COD8604,Vecchissimo,,50 metri Ragazze,https://www.fidal.it/risultati/2021/COD8604/Gara024.htm
COD8604,Vecchissimo,,600 metri Ragazze,https://www.fidal.it/risultati/2021/COD8604/Gara025.htm
COD8604,Vecchissimo,,Salto in alto/HJ Ragazze,https://www.fidal.it/risultati/2021/COD8604/Gara027.htm
COD8604,Vecchissimo,,Salto in lungo/LJ Ragazze,https://www.fidal.it/risultati/2021/COD8604/Gara028.htm
COD8604,Vecchissimo,,50 metri Cadetti,https://www.fidal.it/risultati/2021/COD8604/Gara029.htm
COD8604,Vecchissimo,,50 Hs H84 Cadetti,https://www.fidal.it/risultati/2021/COD8604/Gara030.htm
COD8604,Vecchissimo,,300 piani Cadetti,https://www.fidal.it/risultati/2021/COD8604/Gara031.htm
COD8604,Vecchissimo,,600 metri Cadetti,https://www.fidal.it/risultati/2021/COD8604/Gara032.htm
COD8604,Vecchissimo,,1000 metri Cadetti,https://www.fidal.it/risultati/2021/COD8604/Gara033.htm
COD8604,Vecchissimo,,Salto in alto/HJ Cadetti,https://www.fidal.it/risultati/2021/COD8604/Gara034.htm
COD8604,Vecchissimo,,Salto in lungo/LJ Cadetti,https://www.fidal.it/risultati/2021/COD8604/Gara035.htm
COD8604,Vecchissimo,,Peso/SP Kg 4.000 Cadetti,https://www.fidal.it/risultati/2021/COD8604/Gara036.htm
COD8604,Vecchissimo,,50 metri Cadette,https://www.fidal.it/risultati/2021/COD8604/Gara037.htm
COD8604,Vecchissimo,,50 Hs H76 Cadette,https://www.fidal.it/risultati/2021/COD8604/Gara038.htm
COD8604,Vecchissimo,,300 piani Cadette,https://www.fidal.it/risultati/2021/COD8604/Gara039.htm
COD8604,Vecchissimo,,600 metri Cadette,https://www.fidal.it/risultati/2021/COD8604/Gara040.htm
COD8604,Vecchissimo,,1000 metri Cadette,https://www.fidal.it/risultati/2021/COD8604/Gara041.htm
COD8604,Vecchissimo,,Salto in alto/HJ Cadette,https://www.fidal.it/risultati/2021/COD8604/Gara042.htm
COD8604,Vecchissimo,,Salto in lungo/LJ Cadette,https://www.fidal.it/risultati/2021/COD8604/Gara043.htm
COD8604,Vecchissimo,,Peso/SP Kg 3.000 Cadette,https://www.fidal.it/risultati/2021/COD8604/Gara044.htm
COD8604,Vecchissimo,,50 metri Allievi,https://www.fidal.it/risultati/2021/COD8604/Gara045.htm
COD8604,Vecchissimo,,200 metri Allievi,https://www.fidal.it/risultati/2021/COD8604/Gara046.htm
COD8604,Vecchissimo,,400 metri Allievi,https://www.fidal.it/risultati/2021/COD8604/Gara047.htm
COD8604,Vecchissimo,,800 metri Allievi,https://www.fidal.it/risultati/2021/COD8604/Gara048.htm
COD8604,Vecchissimo,,1500 metri Allievi,https://www.fidal.it/risultati/2021/COD8604/Gara049.htm
COD8604,Vecchissimo,,3000 metri Allievi,https://www.fidal.it/risultati/2021/COD8604/Gara050.htm
COD8604,Vecchissimo,,Marcia 3000m Allievi,https://www.fidal.it/risultati/2021/COD8604/Gara051.htm
COD8604,Vecchissimo,,Staffetta 4x160  Allievi,https://www.fidal.it/risultati/2021/COD8604/Gara052.htm
COD8604,Vecchissimo,,Salto in alto/HJ Allievi,https://www.fidal.it/risultati/2021/COD8604/Gara053.htm
COD8604,Vecchissimo,,Salto in lungo/LJ Allievi,https://www.fidal.it/risultati/2021/COD8604/Gara054.htm
COD8604,Vecchissimo,,Peso/SP Kg 5.000 Allievi,https://www.fidal.it/risultati/2021/COD8604/Gara055.htm
COD8604,Vecchissimo,,50 metri Allieve,https://www.fidal.it/risultati/2021/COD8604/Gara056.htm
COD8604,Vecchissimo,,200 metri Allieve,https://www.fidal.it/risultati/2021/COD8604/Gara057.htm
COD8604,Vecchissimo,,400 metri Allieve,https://www.fidal.it/risultati/2021/COD8604/Gara058.htm
COD8604,Vecchissimo,,800 metri Allieve,https://www.fidal.it/risultati/2021/COD8604/Gara059.htm
COD8604,Vecchissimo,,Marcia 3000m Allieve,https://www.fidal.it/risultati/2021/COD8604/Gara062.htm
COD8604,Vecchissimo,,Staffetta 4x160 Allieve,https://www.fidal.it/risultati/2021/COD8604/Gara063.htm
COD8604,Vecchissimo,,Salto in alto/HJ Allieve,https://www.fidal.it/risultati/2021/COD8604/Gara064.htm
COD8604,Vecchissimo,,Salto in lungo/LJ Allieve,https://www.fidal.it/risultati/2021/COD8604/Gara065.htm
COD8604,Vecchissimo,,Peso/SP Kg 3.000 Allieve,https://www.fidal.it/risultati/2021/COD8604/Gara066.htm
COD8604,Vecchissimo,,50 metri Juniores Uomini,https://www.fidal.it/risultati/2021/COD8604/Gara067.htm
COD8604,Vecchissimo,,200 metri Juniores Uomini,https://www.fidal.it/risultati/2021/COD8604/Gara068.htm
COD8604,Vecchissimo,,400 metri Juniores Uomini,https://www.fidal.it/risultati/2021/COD8604/Gara069.htm
COD8604,Vecchissimo,,1500 metri Juniores Uomini,https://www.fidal.it/risultati/2021/COD8604/Gara071.htm
COD8604,Vecchissimo,,3000 metri Juniores Uomini,https://www.fidal.it/risultati/2021/COD8604/Gara072.htm
COD8604,Vecchissimo,,Staffetta 4x160 Juniores Uomini,https://www.fidal.it/risultati/2021/COD8604/Gara074.htm
COD8604,Vecchissimo,,50 metri Juniores Donne,https://www.fidal.it/risultati/2021/COD8604/Gara078.htm
COD8604,Vecchissimo,,200 metri Juniores Donne,https://www.fidal.it/risultati/2021/COD8604/Gara079.htm
COD8604,Vecchissimo,,400 metri Juniores Donne,https://www.fidal.it/risultati/2021/COD8604/Gara080.htm
COD8604,Vecchissimo,,800 metri Juniores Donne,https://www.fidal.it/risultati/2021/COD8604/Gara081.htm
COD8604,Vecchissimo,,1500 metri Juniores Donne,https://www.fidal.it/risultati/2021/COD8604/Gara082.htm
COD8604,Vecchissimo,,Salto in lungo/LJ Juniores Donne,https://www.fidal.it/risultati/2021/COD8604/Gara087.htm
COD8604,Vecchissimo,,Peso/SP Kg 4.000 Juniores Donne,https://www.fidal.it/risultati/2021/COD8604/Gara088.htm
COD8604,Vecchissimo,,50 metri Adulti Uomini,https://www.fidal.it/risultati/2021/COD8604/Gara089.htm
COD8604,Vecchissimo,,400 metri Adulti Uomini,https://www.fidal.it/risultati/2021/COD8604/Gara090.htm
COD8604,Vecchissimo,,800 metri Adulti Uomini,https://www.fidal.it/risultati/2021/COD8604/Gara091.htm
COD8604,Vecchissimo,,1500 metri Adulti Uomini,https://www.fidal.it/risultati/2021/COD8604/Gara092.htm
COD8604,Vecchissimo,,3000 metri Adulti Uomini,https://www.fidal.it/risultati/2021/COD8604/Gara093.htm
COD8604,Vecchissimo,,Marcia 3000m Adulti Uomini,https://www.fidal.it/risultati/2021/COD8604/Gara094.htm
COD8604,Vecchissimo,,Staffetta 4x160 Adulti Uomini,https://www.fidal.it/risultati/2021/COD8604/Gara095.htm
COD8604,Vecchissimo,,Salto in alto/HJ Adulti Uomini,https://www.fidal.it/risultati/2021/COD8604/Gara096.htm
COD8604,Vecchissimo,,Salto in lungo/LJ Adulti Uomini,https://www.fidal.it/risultati/2021/COD8604/Gara097.htm
COD8604,Vecchissimo,,Peso/SP Adulti Uomini,https://www.fidal.it/risultati/2021/COD8604/Gara098.htm
COD8604,Vecchissimo,,50 metri Adulti Donne,https://www.fidal.it/risultati/2021/COD8604/Gara099.htm
COD8604,Vecchissimo,,400 metri Adulti Donne,https://www.fidal.it/risultati/2021/COD8604/Gara100.htm
COD8604,Vecchissimo,,800 metri Adulti Donne,https://www.fidal.it/risultati/2021/COD8604/Gara101.htm
COD8604,Vecchissimo,,1500 metri Adulti Donne,https://www.fidal.it/risultati/2021/COD8604/Gara102.htm
COD8604,Vecchissimo,,3000 metri Adulti Donne,https://www.fidal.it/risultati/2021/COD8604/Gara103.htm
COD8604,Vecchissimo,,Marcia 3000m Adulti Donne,https://www.fidal.it/risultati/2021/COD8604/Gara104.htm
COD8604,Vecchissimo,,Staffetta 4x160 Adulti Donne,https://www.fidal.it/risultati/2021/COD8604/Gara105.htm
COD8604,Vecchissimo,,Salto in alto/HJ Adulti Donne,https://www.fidal.it/risultati/2021/COD8604/Gara106.htm
COD8604,Vecchissimo,,Salto in lungo/LJ Adulti Donne,https://www.fidal.it/risultati/2021/COD8604/Gara107.htm
COD8604,Vecchissimo,,Peso/SP Adulti Donne,https://www.fidal.it/risultati/2021/COD8604/Gara108.htm
COD8604,Vecchissimo,,Marcia 3000m Cadette,https://www.fidal.it/risultati/2021/COD8604/Gara200.htm
COD8604,Vecchissimo,,Marcia 3000m Cadetti,https://www.fidal.it/risultati/2021/COD8604/Gara201.htm
COD8604,Vecchissimo,,Trofeo `Premio di Qualit`,https://www.fidal.it/risultati/2021/COD8604/Soc001.htm
COD8604,Vecchissimo,,Risultati completi,https://www.fidal.it/risultati/2021/COD8604/Risultat.htm
COD8604,Vecchissimo,,Trofeo Premio di Qualit,https://www.fidal.it/risultati/2021/COD8604/Soc001.htm
REG24717,Vecchissimo,,Salto con l'asta/PV DONNE,https://www.fidal.it/risultati/2021/REG24717/Gara027.htm
REG24717,Vecchissimo,,Salto con l'asta/PV UOMINI,https://www.fidal.it/risultati/2021/REG24717/Gara127.htm
REG24614,Vecchissimo,,60 piani Uomini,https://www.fidal.it/risultati/2021/REG24614/Gara001.htm
REG24614,Vecchissimo,,60 Hs H 106 Uomini,https://www.fidal.it/risultati/2021/REG24614/Gara020.htm
REG24614,Vecchissimo,,60 Hs H 100 Juniores Uomini,https://www.fidal.it/risultati/2021/REG24614/Gara021.htm
REG24614,Vecchissimo,,60 Hs H 91-9.14 Allievi,https://www.fidal.it/risultati/2021/REG24614/Gara022.htm
REG24614,Vecchissimo,,Salto con l'asta/PV Uomini,https://www.fidal.it/risultati/2021/REG24614/Gara027.htm
REG24614,Vecchissimo,,Salto in lungo Uomini,https://www.fidal.it/risultati/2021/REG24614/Gara028.htm
REG24614,Vecchissimo,,60 piani Donne,https://www.fidal.it/risultati/2021/REG24614/Gara101.htm
REG24614,Vecchissimo,,60 Hs H 84-8.50 Donne,https://www.fidal.it/risultati/2021/REG24614/Gara120.htm
REG24614,Vecchissimo,,60 Hs H 84-8.50 Juniores Donne,https://www.fidal.it/risultati/2021/REG24614/Gara121.htm
REG24614,Vecchissimo,,60 Hs H 76-8.50 Allieve,https://www.fidal.it/risultati/2021/REG24614/Gara122.htm
REG24614,Vecchissimo,,Salto con l'asta/PV Donne,https://www.fidal.it/risultati/2021/REG24614/Gara127.htm
REG24614,Vecchissimo,,Salto in lungo Donne,https://www.fidal.it/risultati/2021/REG24614/Gara128.htm
REG24614,Vecchissimo,,1-STA 06/02/2021,https://www.fidal.it/risultati/2021/REG24614/2021-02-06_1STA.pdf
REG24614,Vecchissimo,,1-STA 07/02/2021,https://www.fidal.it/risultati/2021/REG24614/2021-02-07_1STA.pdf
REG24614,Vecchissimo,,Risultati completi,https://www.fidal.it/risultati/2021/REG24614/Risultat.htm
REG24617,Vecchissimo,,200m Uomini,https://www.fidal.it/risultati/2021/REG24617/Gara004.htm
REG24617,Vecchissimo,,400m Uomini,https://www.fidal.it/risultati/2021/REG24617/Gara006.htm
REG24617,Vecchissimo,,1500m Uomini,https://www.fidal.it/risultati/2021/REG24617/Gara011.htm
REG24617,Vecchissimo,,3000m Uomini,https://www.fidal.it/risultati/2021/REG24617/Gara013.htm
REG24617,Vecchissimo,,Salto in alto Uomini,https://www.fidal.it/risultati/2021/REG24617/Gara026.htm
REG24617,Vecchissimo,,Salto triplo Uomini,https://www.fidal.it/risultati/2021/REG24617/Gara029.htm
REG24617,Vecchissimo,,50m Uomini,https://www.fidal.it/risultati/2021/REG24617/Gara056.htm
REG24617,Vecchissimo,,50 Hs H106 Uomini,https://www.fidal.it/risultati/2021/REG24617/Gara058.htm
REG24617,Vecchissimo,,50 Hs H91 AM,https://www.fidal.it/risultati/2021/REG24617/Gara060.htm
REG24617,Vecchissimo,,Staff. 4X160 Indoor Uomini,https://www.fidal.it/risultati/2021/REG24617/Gara096.htm
REG24617,Vecchissimo,,200m Donne,https://www.fidal.it/risultati/2021/REG24617/Gara104.htm
REG24617,Vecchissimo,,400m Donne,https://www.fidal.it/risultati/2021/REG24617/Gara106.htm
REG24617,Vecchissimo,,1500m Donne,https://www.fidal.it/risultati/2021/REG24617/Gara111.htm
REG24617,Vecchissimo,,3000m Donne,https://www.fidal.it/risultati/2021/REG24617/Gara113.htm
REG24617,Vecchissimo,,Salto in alto Donne,https://www.fidal.it/risultati/2021/REG24617/Gara126.htm
REG24617,Vecchissimo,,Salto triplo Donne,https://www.fidal.it/risultati/2021/REG24617/Gara129.htm
REG24617,Vecchissimo,,50m Donne,https://www.fidal.it/risultati/2021/REG24617/Gara156.htm
REG24617,Vecchissimo,,50 Hs H84 Donne,https://www.fidal.it/risultati/2021/REG24617/Gara158.htm
REG24617,Vecchissimo,,Staff. 4X160 Indoor Donne,https://www.fidal.it/risultati/2021/REG24617/Gara196.htm
REG24617,Vecchissimo,,1/sta 06/02/2021,https://www.fidal.it/risultati/2021/REG24617/1STA06.02.2021.pdf
REG24617,Vecchissimo,,1/sta 07/02/2021,https://www.fidal.it/risultati/2021/REG24617/1STA07.02.2021.pdf
REG24617,Vecchissimo,,Risultati completi,https://www.fidal.it/risultati/2021/REG24617/Risultat.htm
REG26843,Vecchissimo,,60m Esordienti Maschi M8,https://www.fidal.it/risultati/2021/REG26843/Gara101.htm
REG26843,Vecchissimo,,60m Esordienti Femmine 8,https://www.fidal.it/risultati/2021/REG26843/Gara201.htm
REG26843,Vecchissimo,,60m Esordienti Maschi 10,https://www.fidal.it/risultati/2021/REG26843/Gara301.htm
REG26843,Vecchissimo,,Staff. 4X160 Indoor Esordienti Maschi 10,https://www.fidal.it/risultati/2021/REG26843/Gara396.htm
REG26843,Vecchissimo,,60m Esordienti Femmine 10,https://www.fidal.it/risultati/2021/REG26843/Gara401.htm
REG26843,Vecchissimo,,Staff.4X160 Indoor Esordienti Femmine 10,https://www.fidal.it/risultati/2021/REG26843/Gara496.htm
REG26843,Vecchissimo,,60m Esordienti Maschi 5,https://www.fidal.it/risultati/2021/REG26843/Gara501.htm
REG26843,Vecchissimo,,60m Esordienti Femmine 5,https://www.fidal.it/risultati/2021/REG26843/Gara601.htm
REG26843,Vecchissimo,,Risultati completi,https://www.fidal.it/risultati/2021/REG26843/Risultat.htm
REG26843,Vecchissimo,,1-sta 19 novembre 2021,https://www.fidal.it/risultati/2021/REG26843/1sta.pdf
REG26826,Vecchissimo,,60m Ragazzi,https://www.fidal.it/risultati/2021/REG26826/Gara001.htm
REG26826,Vecchissimo,,60 Hs H 60 Ragazzi,https://www.fidal.it/risultati/2021/REG26826/Gara020.htm
REG26826,Vecchissimo,,Salto in alto Ragazzi,https://www.fidal.it/risultati/2021/REG26826/Gara026.htm
REG26826,Vecchissimo,,60m Ragazze,https://www.fidal.it/risultati/2021/REG26826/Gara101.htm
REG26826,Vecchissimo,,60 Hs H 60 Ragazze,https://www.fidal.it/risultati/2021/REG26826/Gara120.htm
REG26826,Vecchissimo,,Salto in lungo Ragazze,https://www.fidal.it/risultati/2021/REG26826/Gara128.htm
REG26826,Vecchissimo,,Risultati Completi,https://www.fidal.it/risultati/2021/REG26826/risultat.htm
REG26826,Vecchissimo,,Modello 1sta,https://www.fidal.it/risultati/2021/REG26826/1sta.pdf
REG26827,Vecchissimo,,60m Cadetti,https://www.fidal.it/risultati/2021/REG26827/Gara001.htm
REG26827,Vecchissimo,,60 Hs H 84-8.50 Cadetti,https://www.fidal.it/risultati/2021/REG26827/Gara020.htm
REG26827,Vecchissimo,,Salto in lungo Cadetti,https://www.fidal.it/risultati/2021/REG26827/Gara028.htm
REG26827,Vecchissimo,,60m Cadette,https://www.fidal.it/risultati/2021/REG26827/Gara101.htm
REG26827,Vecchissimo,,60 Hs H 76-8.00 Cadette,https://www.fidal.it/risultati/2021/REG26827/Gara120.htm
REG26827,Vecchissimo,,Salto in alto Cadette,https://www.fidal.it/risultati/2021/REG26827/Gara126.htm
REG26827,Vecchissimo,,Risultati completi,https://www.fidal.it/risultati/2021/REG26827/risultat.htm
REG26827,Vecchissimo,,Modello 1-sta 28 novembre 2021,https://www.fidal.it/risultati/2021/REG26827/1sta.pdf
REG26825,Vecchissimo,,Salto con l'asta/PV Uomini,https://www.fidal.it/risultati/2021/REG26825/Gara027.htm
REG26825,Vecchissimo,,Salto triplo/TJ Uomini,https://www.fidal.it/risultati/2021/REG26825/Gara029.htm
REG26825,Vecchissimo,,50 metri Uomini,https://www.fidal.it/risultati/2021/REG26825/Gara056.htm
REG26825,Vecchissimo,,50 Hs H106 Uomini,https://www.fidal.it/risultati/2021/REG26825/Gara058.htm
REG26825,Vecchissimo,,50 Hs H91 Allievi,https://www.fidal.it/risultati/2021/REG26825/Gara060.htm
REG26825,Vecchissimo,,Salto con l'asta/PV Donne,https://www.fidal.it/risultati/2021/REG26825/Gara127.htm
REG26825,Vecchissimo,,Salto triplo/TJ Donne,https://www.fidal.it/risultati/2021/REG26825/Gara129.htm
REG26825,Vecchissimo,,50 metri Donne,https://www.fidal.it/risultati/2021/REG26825/Gara156.htm
REG26825,Vecchissimo,,50 Hs H84 Donne,https://www.fidal.it/risultati/2021/REG26825/Gara158.htm
REG26825,Vecchissimo,,50 Hs H76 Allieve,https://www.fidal.it/risultati/2021/REG26825/Gara159.htm
REG26825,Vecchissimo,,Risultati completi,https://www.fidal.it/risultati/2021/REG26825/risultat.htm
REG26825,Vecchissimo,,Modello 1sta,https://www.fidal.it/risultati/2021/REG26825/1sta.pdf
