1000 metri Cadette,1000m
1 Miglio UOMINI (AD INVITO),Miglio
1/STA - Modena - Domenica 28/01/2024,altro
1/STA - Modena - Sabato 27/01/2024,altro
100 Hs H 76-8.50 ALLIEVE (U18),100 Hs h76-8.50
1000 metri ALLIEVI PM,1000m
1000 metri ASSOLUTI UOMINI PM,1000m
1000 metri CADETTE,1000m
1000 metri CADETTE (U16),1000m
1000 metri Cadetti,1000m
1000 metri CADETTI,1000m
1000 metri CADETTI (U16),1000m
1000 metri EPTATHLON,1000m
1000 metri EPTATHLON I/O JM,1000m
1000 metri EPTATHLON I/O JPS M,1000m
1000 metri EPTATHLON JPS UOMINI,1000m
1000 metri JUNIORES UOMINI PM,1000m
1000 metri Master Donne,1000m
1000 metri Master Uomini,1000m
1000 metri PENTATHLON ALLIEVI,1000m
1000 metri PENTATHLON I/O AM,1000m
1000 metri PENTATHLON SM60,1000m
1000 metri RAGAZZE,1000m
1000 metri Ragazze,1000m
1000 metri RAGAZZE (U14),1000m
1000 metri RAGAZZI,1000m
1000 metri Ragazzi,1000m
1000 metri RAGAZZI (U14),1000m
1000 metri SM60 PENTATHLON,1000m
1000 metri SM60+ PENTATHLON,1000m
1000 metri SM65 PENTATHLON,1000m
1000 metri SM75 PENTATHLON,1000m
1000 metri SM80 PENTATHLON,1000m
1000m A M P.M.,1000m
1000m ASSOLUTO MASCHI EPTATHLON,1000m
1000m CADETTE,1000m
1000m Cadette,1000m
1000m CADETTE U16),1000m
1000m CADETTI,1000m
1000m Cadetti,1000m
1000m CADETTI (U16),1000m
1000m EPT. JUNIORES UOMINI,1000m
1000m EPT. UOMINI,1000m
1000m EPTATHLON JUNIOR UOMINI U20,1000m
1000m EPTATHLON PROMESSE UOMINI U23,1000m
1000m EPTATHLON UOMINI,1000m
1000m J M P.M.,1000m
1000m JUN/MASCHI EPTATHLON,1000m
1000m P/S P.M.,1000m
1000m PENT. ALLIEVI,1000m
1000m PENTATHLON ALLIEVI,1000m
1000m Pentathlon Allievi,1000m
1000m PENTATHLON ALLIEVI U18,1000m
1000m PENTATHLON Master UOMINI,1000m
1000m Ragazze,1000m
1000m Ragazzi,1000m
1000m Tetrathlon Cadetti,1000m
1000m UOMINI (AD INVITO),1000m
1500 metri Adulti Donne,1500m
1500 metri Adulti Uomini,1500m
1500 metri Allieve,1500m
1500 metri Allievi,1500m
1500 metri ASSOLUTI DONNE,1500m
1500 metri ASSOLUTI UOMINI,1500m
1500 metri ASSOLUTI UOMINI (ad invito),1500m
1500 metri DONNE,1500m
1500 metri Donne,1500m
1500 metri UOMINI,1500m
1500 metri Uomini,1500m
1500m  BANCARI UOMINI,1500m
1500m  MASTER UOMINI,1500m
1500m  MASTER/BANCARI DONNE,1500m
1500m Adulti Donne,1500m
1500m Adulti Donne + Juniores Donne + Allieve,1500m
1500m Adulti Uomini,1500m
1500m Allieve,1500m
1500m Allievi,1500m
1500m DONNE,1500m
1500m Donne,1500m
1500m DONNE (AD INVITO),1500m
1500m DONNE (EXTRA),1500m
1500m Juniores Donne,1500m
1500m Juniores Uomini,1500m
1500m Juniores Uomini + Allievi,1500m
1500m Promesse Donne,1500m
1500m Promesse Uomini,1500m
1500m UOMINI,1500m
1500m Uomini,1500m
1500m UOMINI (AD INVITO),1500m
1500m UOMINI (EXTRA),1500m
150m Cadette,1500m
150m Cadetti,1500m
150m Ragazze,1500m
150m Ragazzi,1500m
200 MASTER UOMINI,200m
200 metri Adulti Donne,200m
200 metri Adulti Uomini,200m
200 metri Allieve,200m
200 metri Allievi,200m
200 metri ASSOLUTI DONNE,200m
200 metri ASSOLUTI UOMINI,200m
200 metri CADETTE,200m
200 metri Cadette,200m
200 metri CADETTI,200m
200 metri Cadetti,200m
200 metri DONNE,200m
200 metri Donne,200m
200 metri EF10,200m
200 metri EF5,200m
200 metri EF8,200m
200 metri EM10,200m
200 metri EM5,200m
200 metri EM8,200m
200 metri Esordienti F 10,200m
200 metri Esordienti M 10,200m
200 metri Juniores Donne,200m
200 metri Juniores Uomini,200m
200 metri Ragazze,200m
200 metri RAGAZZE,200m
200 metri Ragazzi,200m
200 metri RAGAZZI,200m
200 metri Special Olympics Uomini,200m
200 metri UOMINI,200m
200 metri Uomini,200m
200m  MASTER DONNE,200m
200m  MASTER UOMINI,200m
200m Adulti Donne,200m
200m Adulti Uomini,200m
200m Allieve,200m
200m Allievi,200m
200m CADETTE,200m
200m Cadette,200m
200m CADETTI,200m
200m Cadetti,200m
200m DONNE,200m
200m Donne,200m
200m Eso F10,200m
200m ESO F10,200m
200m Eso F5,200m
200m ESO F5,200m
200m Eso F5-8,200m
200m Eso F8,200m
200m ESO F8,200m
200m Eso M10,200m
200m ESO M10,200m
200m Eso M5,200m
200m ESO M5,200m
200m Eso M5-8,200m
200m Eso M8,200m
200m ESO M8,200m
200m Juniores Donne,200m
200m Juniores Uomini,200m
200m Juniores Uomini - Batteria extra,200m
200m MASTER DONNE,200m
200m Master Donne,200m
200m MASTER UOMINI,200m
200m Master Uomini,200m
200m RAGAZZE,200m
200m Ragazze,200m
200m RAGAZZI,200m
200m Ragazzi,200m
200m UOMINI,200m
200m Uomini,200m
30 ostacoli Cadette,30 Hs h76-8.00
30 ostacoli Cadetti,30 Hs h84-8.50
30 ostacoli Esordienti F10,30 Hs EF
30 ostacoli Esordienti M10,30 Hs EM
300 piani Cadette,300m
300 piani CADETTE (U16),300m
300 piani Cadetti,300m
300 piani CADETTI (U16),300m
3000 F60+,3000m
3000 M70+,3000m
3000 metri Adulti Donne,3000m
3000 metri Adulti Uomini,3000m
3000 metri Allieve,3000m
3000 metri Allievi,3000m
3000 metri ASSOLUTI DONNE,3000m
3000 metri ASSOLUTI UOMINI,3000m
3000 metri DONNE,3000m
3000 metri Donne,3000m
3000 metri SF60,3000m
3000 metri SF65,3000m
3000 metri SF70,3000m
3000 metri SM60,3000m
3000 metri SM65,3000m
3000 metri SM70,3000m
3000 metri SM75,3000m
3000 metri SM80,3000m
3000 metri SM85,3000m
3000 metri UOMINI,3000m
3000 metri Uomini,3000m
3000m  MASTER DONNE,3000m
3000m  MASTER UOMINI,3000m
3000m Adulti Donne,3000m
3000m Adulti Uomini,3000m
3000m Adulti Uomini + Juniores Uomini,3000m
3000m Allievi,3000m
3000m DONNE,3000m
3000m Donne,3000m
3000m DONNE (EXTRA),3000m
3000m Juniores Uomini,3000m
3000m MASTER DONNE,3000m
3000m MASTER M+F,3000m
3000m MASTER UOMINI,3000m
3000m Promesse Donne,3000m
3000m Promesse Uomini,3000m
3000m UOMINI,3000m
3000m Uomini,3000m
3000m UOMINI (EXTRA),3000m
300m Cadette,300m
300m CADETTE (U16),300m
300m Cadetti,300m
300m CADETTI (U16),300m
30m Cadette,30m
30m Cadetti,30m
30m Esordienti F5,30m
30m Esordienti F8,30m
30m Esordienti M5,30m
30m Esordienti M8,30m
30m piani RAGAZZE,30m
30m piani Ragazze,30m
30m piani RAGAZZI,30m
30m piani Ragazzi,30m
30m Ragazze,30m
30m Ragazzi,30m
30m TRIATHLON RAGAZZE,30m
35 metri Esordienti F 10,35m
35 metri Esordienti F 5,35m
35 metri Esordienti F 8,35m
35 metri Esordienti M 10,35m
35 metri Esordienti M 5,35m
35 metri Esordienti M 8,35m
35 metri Ragazze,35m
35 metri Ragazzi,35m
35 ostacoli Esordienti F 10,35m
35 ostacoli Esordienti F 5,35m
35 ostacoli Esordienti F 8,35m
35 ostacoli Esordienti M 10,35m
35 ostacoli Esordienti M 5,35m
35 ostacoli Esordienti M 8,35m
35 ostacoli Ragazze,35m
35 ostacoli Ragazzi,35m
40 ostacoli Ragazze,40 Hs h60-7.50
40 ostacoli Ragazzi,40 Hs h60-7.50
400 metri 1° Media DONNE,400m
400 metri 1° Media UOMINI,400m
400 metri 2° Media DONNE,400m
400 metri 2° Media UOMINI,400m
400 metri 3° Media DONNE,400m
400 metri 3° Media UOMINI,400m
400 metri Adulti Donne,400m
400 metri Adulti Uomini,400m
400 metri Allieve,400m
400 metri Allievi,400m
400 metri ASSOLUTI DONNE,400m
400 metri ASSOLUTI UOMINI,400m
400 metri DONNE,400m
400 metri Donne,400m
400 metri Juniores Donne,400m
400 metri Juniores Uomini,400m
400 metri TETRATHLON CADETTE,400m
400 metri UOMINI,400m
400 metri Uomini,400m
400m  MASTER/BANCARI DONNE,400m
400m  MASTER/BANCARI UOMINI,400m
400m Adulti Donne,400m
400m Adulti Uomini,400m
400m Allieve,400m
400m Allievi,400m
400m DONNE,400m
400m Donne,400m
400m Juniores Donne,400m
400m Juniores Donne + Adulti Donne,400m
400m Juniores Uomini,400m
400m MASTER DONNE,400m
400m MASTER UOMINI,400m
400m Master Uomini,400m
400m PM CADETTE,400m
400m Promesse Donne,400m
400m Promesse Uomini,400m
400m RAGAZZE (U14),400m
400m RAGAZZI (U14),400m
400m Tetrathlon Cadette,400m
400m UOMINI,400m
400m Uomini,400m
40m Cadette,40m
40m Cadetti,40m
40m Esordienti F 10,40m
40m Esordienti F 5,40m
40m Esordienti F 8,40m
40m Esordienti F10,40m
40m Esordienti F5,40m
40m Esordienti F8,40m
40m Esordienti M 10,40m
40m Esordienti M 5,40m
40m Esordienti M 8,40m
40m Esordienti M10,40m
40m Esordienti M5,40m
40m Esordienti M8,40m
4X160 CADETTE (U16),4x160m
4X160 CADETTI (U16),4x160m
4X160 DONNE,4x160m
4X160 UOMINI,4x160m
4x1giro CADETTE,4x200m
4x1giro CADETTI,4x200m
50 Hs Esordienti 10 F,50 Hs EF
50 Hs Esordienti 10 M,50 Hs EM
50 Hs Esordienti 5 F,50 Hs EF
50 Hs Esordienti 5 M,50 Hs EM
50 Hs Esordienti 8 F,50 Hs EF
50 Hs Esordienti 8 M,50 Hs EM
50 Hs H100 JUNIOR M (U20),50 Hs h100-9.14
50 Hs H100 JUNIOR M (U20) 2^ PROVA,50 Hs h100-9.14
50 Hs H100 Juniores Uomini,50 Hs h100-9.14
50 Hs H100 SM35-40-45,50 Hs Master
50 Hs H106 P/S Uomini,50 Hs h106-9.14
50 Hs H106 UOMINI,50 Hs h106-9.14
50 Hs H106 Uomini,50 Hs h106-9.14
50 Hs H106 UOMINI 2^ PROVA,50 Hs h106-9.14
50 Hs H50 Esordienti F 10,50 Hs h50-7.00
50 Hs H50 Esordienti M 10,50 Hs h50-7.00
50 Hs H60 Ragazze,50 Hs h60-7.50
50 Hs H60 RAGAZZE,50 Hs h60-7.50
50 Hs H60 Ragazzi,50 Hs h60-7.50
50 Hs H60 RAGAZZI,50 Hs h60-7.50
50 Hs H76 Allieve,50 Hs h76-8.50
50 Hs H76 ALLIEVE (U18),50 Hs h76-8.50
50 Hs H76 ALLIEVE (U18) 2^ PROVA,50 Hs h76-8.50
50 Hs H76 Cadette,50 Hs h76-8.00
50 Hs H76 CADETTE,50 Hs h76-8.00
50 Hs H76 CADETTE (U16),50 Hs h76-8.00
50 Hs H76 SF40-45,50 Hs Master
50 Hs H76 SF50-55,50 Hs Master
50 Hs H76 Tetrathlon Cadette,50 Hs h76-8.00
50 Hs H84 Cadetti,50 Hs h84-8.50
50 Hs H84 CADETTI,50 Hs h84-8.50
50 Hs H84 CADETTI (U16),50 Hs h84-8.50
50 Hs H84 DONNE,50 Hs h84-8.50
50 Hs H84 Donne,50 Hs h84-8.50
50 Hs H84 DONNE 2^ PROVA,50 Hs h84-8.50
50 Hs H84 Juniores Donne,50 Hs h84-8.50
50 Hs H84 P/S Donne,60 Hs h84-8.50
50 Hs H84 SM60-65,50 Hs Master
50 Hs H84 Tetrathlon Cadetti,50 Hs h84-8.50
50 Hs H91 Allievi,60 Hs h91-9.14
50 Hs H91 ALLIEVI (U18),60 Hs h91-9.14
50 Hs H91 ALLIEVI (U18) 2^ PROVA,50 Hs h91-9.14
50 Hs H91 SM50-55,50 Hs Master
50 metri  EF10,50m
50 metri  EF5,50m
50 metri  EF8,50m
50 metri  EM10,50m
50 metri  EM5,50m
50 metri  EM8,50m
50 metri Adulti Donne,50m
50 metri Adulti Uomini,50m
50 metri Allieve,50m
50 metri Allievi,50m
50 metri Cadette,50m
50 metri CADETTE (U16),50m
50 metri Cadetti,50m
50 metri CADETTI (U16),50m
50 metri Cammino Special Olympics Donne,50m
50 metri Cammino Special Olympics Uomini,50m
50 metri DONNE,50m
50 metri Esordienti F 10,50m
50 metri Esordienti F 5,50m
50 metri Esordienti F 8,50m
50 metri ESORDIENTI F10,50m
50 metri Esordienti Femmine 10,50m
50 metri Esordienti Femmine 5,50m
50 metri Esordienti Femmine 8,50m
50 metri Esordienti M 10,50m
50 metri Esordienti M 5,50m
50 metri Esordienti M 8,50m
50 metri ESORDIENTI M10,50m
50 metri Esordienti Maschi 10,50m
50 metri Esordienti Maschi 5,50m
50 metri Esordienti Maschi 8,50m
50 metri Juniores Donne,50m
50 metri Juniores Uomini,50m
50 metri Ragazze,50m
50 metri RAGAZZE (U14),50m
50 metri Ragazzi,50m
50 metri RAGAZZI (U14),50m
50 metri Special Olympics Donne,50m
50 metri Special Olympics Uomini,50m
50 metri UOMINI,50m
50m Allieve,50m
50m Allievi,50m
50m Cadette,50m
50m CADETTE,50m
50m CADETTE (U16),50m
50m Cadetti,50m
50m CADETTI,50m
50m CADETTI (U16),50m
50m DONNE,50m
50m Donne,50m
50m DONNE FINALE A,50m
50m DONNE FINALE B,50m
50m EF10,50m
50m EM10,50m
50m ESO F10,50m
50m ESO F5,50m
50m ESO F8,50m
50m ESO M10,50m
50m ESO M5,50m
50m ESO M8,50m
50m Esordienti 10 F,50m
50m Esordienti 10 M,50m
50m Esordienti 5 F,50m
50m Esordienti 5 M,50m
50m Esordienti 8 F,50m
50m Esordienti 8 M,50m
50m Juniores Donne,50m
50m Juniores Uomini,50m
50m Master Donne,50m
50m Master Uomini,50m
50m P/S Donne,50m
50m P/S Uomini,50m
50m Ragazze,50m
50m RAGAZZE,50m
50m RAGAZZE (U14),50m
50m Ragazzi,50m
50m RAGAZZI,50m
50m RAGAZZI (U14),50m
50m UOMINI,50m
50m Uomini,50m
50m UOMINI FINALE A,50m
50m UOMINI FINALE B,50m
50m UOMINI FINALE C,50m
60 Hs  MASTER DONNE,60 Hs Master
60 Hs  MASTER UOMINI,60 Hs Master
60 Hs - 5 hs H 60 Ragazze,60 Hs h60-7.50
60 Hs - 5 hs H 60 Ragazzi,60 Hs h60-7.50
60 Hs A/J/P/S F,60 Hs h84-8.50
60 Hs A/J/P/S M,60 Hs h106-9.14*
60 Hs Allieve,60 Hs h76-8.50
60 Hs Allievi,60 Hs h91-9.14
60 Hs Cadette,60 Hs h76-8.00
60 Hs Cadetti,60 Hs h84-8.50
60 Hs Donne,60 Hs h84-8.50
60 Hs EPTATHLON,boh
60 Hs FEMMINILE,60 Hs h84-8.50
60 Hs H 100 EPTATHLON I/O JM,60 Hs h100-9.14
60 Hs H 100 FINALE JUNIOR M,60 Hs h100-9.14
60 Hs H 100 FINALE JUNIOR M (U20),60 Hs h100-9.14
60 Hs H 100 JM,60 Hs h100-9.14
60 Hs H 100 Jun Uomini,60 Hs h100-9.14
60 Hs H 100 JUN/MASCHI EPTATHLON,60 Hs h100-9.14
60 Hs H 100 JUNIOR M,60 Hs h100-9.14
60 Hs H 100 JUNIOR M (U20),60 Hs h100-9.14
60 Hs H 100 JUNIOR UOMINI,60 Hs h100-9.14
60 Hs H 100 JUNIORES M,60 Hs h100-9.14
60 Hs H 100 Juniores M,60 Hs h100-9.14
60 Hs H 100 JUNIORES MASCHILI,60 Hs h100-9.14
60 Hs H 100 JUNIORES UOMINI,60 Hs h100-9.14
60 Hs H 100 Juniores Uomini,60 Hs h100-9.14
60 Hs H 100 JUNIORES UOMINI PM,60 Hs h100-9.14
60 Hs H 100 SM35/45,60 Hs Master
60 Hs H 106  Uomini,60 Hs h106-9.14
60 Hs H 106 ASSOLUTI UOMINI,60 Hs h106-9.14
60 Hs H 106 ASSOLUTI UOMINI PM,60 Hs h106-9.14
60 Hs H 106 ASSOLUTO MASCHI EPTATHLON,60 Hs h106-9.14
60 Hs H 106 EPTATHLON I/O JPS M,60 Hs h106-9.14
60 Hs H 106 EPTATHLON JPS UOMINI,60 Hs h106-9.14
60 Hs H 106 FINALE PROMESSE M,60 Hs h106-9.14
60 Hs H 106 FINALE UOMINI,60 Hs h106-9.14
60 Hs H 106 MASCHILE,60 Hs h106-9.14
60 Hs H 106 P/S Uomini,60 Hs h106-9.14
60 Hs H 106 PROMESSE M,60 Hs h106-9.14
60 Hs H 106 Promesse Uomini,60 Hs h106-9.14
60 Hs H 106 UOMINI,60 Hs h106-9.14
60 Hs H 106 Uomini,60 Hs h106-9.14
60 Hs H 60 Ragazze,60 Hs h60-7.50
60 Hs H 60 RAGAZZE,boh
60 Hs H 60 RAGAZZE (U14),boh
60 Hs H 60 Ragazze 2010,boh
60 Hs H 60 Ragazze BIATHLON,boh
60 Hs H 60 RAGAZZE CN-AT-AL,boh
60 Hs H 60 RAGAZZE VCO-NO-VC-TO-BI-FR,boh
60 Hs H 60 Ragazzi,60 Hs h60-7.50
60 Hs H 60 RAGAZZI,boh
60 Hs H 60 RAGAZZI (U14),boh
60 Hs H 60 Ragazzi 2010,boh
60 Hs H 60 Ragazzi BIATHLON,boh
60 Hs H 60 RAGAZZI CN-AT-AL,boh
60 Hs H 60 RAGAZZI VCO-NO-VC-TO-BI-FR,boh
60 Hs H 68.6-7.00 SF60 PENTATHLON,boh
60 Hs H 68.6-7.00 SF75 PENTATHLON,boh
60 Hs H 68.6-7.00 SM80 PENTATHLON,boh
60 Hs H 76 Allieve,60 Hs h76-8.50
60 Hs H 76 Pentathlon Allieve,boh
60 Hs H 76-7.00 SF50,boh
60 Hs H 76-7.00 SF50/55,60 Hs Master
60 Hs H 76-7.00 SM70/75,60 Hs Master
60 Hs H 76-7.00 SM75 PENTATHLON,boh
60 Hs H 76-8.00 CADETTE,60 Hs h76-8.00
60 Hs H 76-8.00 Cadette,60 Hs h76-8.00
60 Hs H 76-8.00 CADETTE (U16),boh
60 Hs H 76-8.00 CF,boh
60 Hs H 76-8.00 CF Cadette,boh
60 Hs H 76-8.00 MF40,boh
60 Hs H 76-8.00 SF40/45,boh
60 Hs H 76-8.00 SF40/SF45,60 Hs Master
60 Hs H 76-8.00 TETRATHLON Cadette,boh
60 Hs H 76-8.00 TETRATHLON CADETTE,boh
60 Hs H 76-8.00 Tetrathlon Cadette,boh
60 Hs H 76-8.50 ALLIEVE,60 Hs h76-8.50
60 Hs H 76-8.50 Allieve,60 Hs h76-8.50
60 Hs H 76-8.50 Allieve Finale,boh
60 Hs H 76-8.50 Allieve Lombardia Finale,boh
60 Hs H 76-8.50 ALLIEVE PM,boh
60 Hs H 76-8.50 FINALE ALLIEVE,60 Hs h76-8.50
60 Hs H 76-8.50 FINALE ALLIEVE (U18),boh
60 Hs H 76-8.50 PENTATHLON I/O AF,boh
60 Hs H 76-8.50N ALLIEVE PENTATHLON,boh
60 Hs H 84 Donne,60 Hs h84-8.50
60 Hs H 84 Pentathlon Ass. F,60 Hs h84-8.50
60 Hs H 84 Promesse/ Senior Donne,60 Hs h84-8.50
60 Hs H 84-8.00 PENTATHLON SM60,boh
60 Hs H 84-8.00 SM60 PENTATHLON,boh
60 Hs H 84-8.00 SM60/65,60 Hs Master
60 Hs H 84-8.00 SM65 PENTATHLON,boh
60 Hs H 84-8.50  Donne,60 Hs h84-8.50
60 Hs H 84-8.50  FINALE PF,60 Hs h84-8.50
60 Hs H 84-8.50  P/S Donne,60 Hs h84-8.50
60 Hs H 84-8.50 ASS/FEMMINILE PENTATHLON,60 Hs h84-8.50
60 Hs H 84-8.50 ASSOLUTI DONNE,60 Hs h84-8.50
60 Hs H 84-8.50 ASSOLUTI DONNE PM,60 Hs h84-8.50
60 Hs H 84-8.50 CADETTI,60 Hs h84-8.50
60 Hs H 84-8.50 Cadetti,60 Hs h84-8.50
60 Hs H 84-8.50 CADETTI (U16),60 Hs h84-8.50
60 Hs H 84-8.50 DONNE,60 Hs h84-8.50
60 Hs H 84-8.50 Donne,60 Hs h84-8.50
60 Hs H 84-8.50 FEMMINILE,60 Hs h84-8.50
60 Hs H 84-8.50 FINALE DONNE,60 Hs h84-8.50
60 Hs H 84-8.50 JPS Donne,60 Hs h84-8.50
60 Hs H 84-8.50 Juniores Donne,60 Hs h84-8.50
60 Hs H 84-8.50 PENTATHLON I/O JPS F,60 Hs h84-8.50
60 Hs H 84-8.50 PENTATHLON JPS DONNE,60 Hs h84-8.50
60 Hs H 84-8.50 PROMESSE,60 Hs h84-8.50
60 Hs H 84-8.50 Promesse Donne,60 Hs h84-8.50
60 Hs H 84-8.50 Seniores/sf35,60 Hs h84-8.50
60 Hs H 84-8.50 TETRATHLON Cadetti,60 Hs h84-8.50
60 Hs H 84-8.50 TETRATHLON CADETTI,60 Hs h84-8.50
60 Hs H 84-8.50 Tetrathlon Cadetti,60 Hs h84-8.50
60 Hs H 91 Allievi,60 Hs h91-9.14
60 Hs H 91 Pentathlon Allievi,60 Hs h91-9.14
60 Hs H 91-8.50 ALLIEVI,errore
60 Hs H 91-8.50 SM50/55,60 Hs Master
60 Hs H 91-9.14 ALLIEVI,60 Hs h91-9.14
60 Hs H 91-9.14 Allievi,60 Hs h91-9.14
60 Hs H 91-9.14 ALLIEVI (U18),60 Hs h91-9.14
60 Hs H 91-9.14 Allievi Finale,60 Hs h91-9.14
60 Hs H 91-9.14 Allievi Lombardia Finale,60 Hs h91-9.14
60 Hs H 91-9.14 ALLIEVI PENTATHLON,60 Hs h91-9.14
60 Hs H 91-9.14 ALLIEVI PM,60 Hs h91-9.14
60 Hs H 91-9.14 FINALE ALLIEVI (U18),60 Hs h91-9.14
60 Hs H 91-9.14 PENTATHLON ALLIEVI,60 Hs h91-9.14
60 Hs H 91-9.14 PENTATHLON I/O AM,60 Hs h91-9.14
60 Hs H Allievi (U18),60 Hs h91-9.14
60 Hs H Cadette,boh
60 Hs H MASCHILE,60 Hs h106-9.14*
60 Hs H100 Juniores M,60 Hs h100-9.14
60 Hs H100 Juniores Uomini,60 Hs h100-9.14
60 Hs H106 A/J/P/S M,60 Hs h100-9.14
60 Hs H106 P/S Uomini,60 Hs h100-9.14
60 Hs H106 Promesse M,60 Hs h106-9.14
60 Hs H106 Promesse/ Senior Uomini,60 Hs h100-9.14
60 Hs H106 Seniores M,60 Hs h106-9.14
60 Hs H106 Uomini,60 Hs h100-9.14
60 Hs H60 Ragazze,boh
60 Hs H60 Ragazzi,boh
60 Hs H76 Allieve,60 Hs h76-8.50
60 Hs H76 Cadette,boh
60 Hs H84 A/J/P/S F,60 Hs h84-8.50*
60 Hs H84 Cadetti,boh
60 Hs H84 Donne,60 Hs h84-8.50
60 Hs H84 J/P/S Donne,60 Hs h84-8.50
60 Hs H84 Juniores Donne,60 Hs h84-8.50
60 Hs H84 Juniores F,boh
60 Hs H84 Promesse F,boh
60 Hs H84 Seniores F,boh
60 Hs H91 Allievi,60 Hs h91-9.14
60 Hs Junior M (U20),boh
60 Hs Juniores Donne,60 Hs h84-8.50
60 Hs Juniores M,boh
60 Hs Juniores Uomini,60 Hs h100-9.14
60 Hs MASTER DONNE,60 Hs Master
60 Hs Master F,60 Hs Master
60 Hs MASTER UOMINI,60 Hs Master
60 Hs PENTATHLON,boh
60 Hs Promesse Donne,60 Hs h84-8.50
60 Hs Promesse Uomini,60 Hs h106-9.14
60 Hs Ragazze,boh
60 Hs Ragazzi,boh
60 Hs TETRATHLON CADETTE,boh
60 Hs TETRATHLON CADETTI,boh
60 Hs Uomini,boh
60 metri 1° Media DONNE,60m
60 metri 1° Media UOMINI,60m
60 metri 2° Media DONNE,60m
60 metri 2° Media UOMINI,60m
60 metri 3° Media DONNE,60m
60 metri 3° Media UOMINI,60m
60 metri Allieve,60m
60 metri Allievi,60m
60 metri ASSOLUTI DONNE,60m
60 metri ASSOLUTI FEMMINILI,60m
60 metri ASSOLUTI MASCHILI,60m
60 metri ASSOLUTI MASCHILI FINALE,60m
60 metri ASSOLUTI UOMINI,60m
60 metri ASSOLUTI UOMINI PM,60m
60 metri CADETTE,60m
60 metri Cadette,60m
60 metri CADETTE 2009-2010,60m
60 metri CADETTI,60m
60 metri Cadetti,60m
60 metri CADETTI 2009-2010,60m
60 metri Donne,60m
60 metri DONNE,60m
60 metri EPTATHLON,60m
60 metri Hs Donne,60m
60 metri Hs Uomini,60m
60 metri Juniores Donne,60m
60 metri Juniores Uomini,60m
60 metri JUONIORES UOMINI PM,60m
60 metri Master Donne,60m
60 metri Master Uomini,60m
60 metri ostacoli Allieve,60m
60 metri ostacoli Allievi,60m
60 metri Promesse/ Senior Donne,60m
60 metri Promesse/ Senior Uomini,60m
60 metri RAGAZZE,60m
60 metri Ragazze,60m
60 metri RAGAZZE 2011,60m
60 metri RAGAZZI,60m
60 metri Ragazzi,60m
60 metri RAGAZZI 2011,60m
60 metri Uomini,60m
60 metri UOMINI,60m
60 piani Allieve,60m
60 piani Allieve Lombardia Finale,60m
60 piani Allievi,60m
60 piani Allievi Lombardia Finale,60m
60 piani Assoluti Donne,60m
60 piani ASSOLUTI FEMMINILI,60m
60 piani ASSOLUTI MASCHILI,60m
60 piani Assoluti Uomini,60m
60 piani Cadette,60m
60 piani CADETTE,60m
60 piani Cadetti,60m
60 piani CADETTI,60m
60 piani Donne,60m
60 piani DONNE,60m
60 piani Donne Finale,60m
60 piani EPTATHLON I/O JM,60m
60 piani EPTATHLON I/O JPS M,60m
60 piani EPTATHLON JPS UOMINI,60m
60 piani Esordienti F 10,60m
60 piani Esordienti M 10,60m
60 piani FEMMINILE,60m
60 piani FEMMINILI,60m
60 piani JPS Donne,60m
60 piani JPS Uomini,60m
60 piani Juniores Donne,60m
60 piani Juniores Uomini,60m
60 piani MASCHILE,60m
60 piani MASCHILI,60m
60 piani MASTER DONNE,60m
60 piani Master Donne,60m
60 piani MASTER UOMINI,60m
60 piani Master Uomini,60m
60 piani P/S Donne,60m
60 piani P/S Uomini,60m
60 piani Ragazze,60m
60 piani Ragazze BIATHLON,60m
60 piani RAGAZZE CN-AT-AL,60m
60 piani RAGAZZE VCO-NO-VC-TO-BI-FR,60m
60 piani Ragazzi,60m
60 piani Ragazzi BIATHLON,60m
60 piani RAGAZZI CN-AT-AL,60m
60 piani RAGAZZI VCO-NO-VC-TO-BI-FR,60m
60 piani Uomini,60m
60 piani UOMINI,60m
60 piani Uomini Finale,60m
600 metri CADETTE,600m
600 metri Cadette,600m
600 metri CADETTE 2009-2010,600m
600 metri CADETTI,600m
600 metri Cadetti,600m
600 metri CADETTI 2009-2010,600m
600 metri Esordienti F 10,600m
600 metri Esordienti M 10,600m
600 metri RAGAZZE,600m
600 metri Ragazze,600m
600 metri RAGAZZE 2011,600m
600 metri RAGAZZI,600m
600 metri Ragazzi,600m
600 metri RAGAZZI 2011,600m
600 metri TETRATHLON Cadette,600m
600 metri TETRATHLON Cadetti,600m
600 metri TETRATHLON CADETTI,600m
600m Cadette,600m
600m CADETTE,600m
600m Cadetti,600m
600m CADETTI,600m
600m EF10,600m
600m EM10,600m
600m PM CADETTI,600m
600m Ragazze,600m
600m RAGAZZE,600m
600m Ragazzi,600m
600m RAGAZZI,600m
600m Tetrathlon Cadette,600m
600m TETRATHLON CADETTE,600m
600m Tetrathlon Cadetti,600m
600m TETRATHLON CADETTI,600m
60Hs Allieve,60 Hs h76-8.50
60Hs Cadette,60 Hs h76-8.00
60Hs Cadetti,60 Hs h84-8.50
60Hs Donne,60 Hs h84-8.50
60Hs H 76 ALLIEVE,boh
60Hs H 84 DONNE,boh
60Hs H 91 ALLIEVI,60 Hs h91-9.14
60Hs H100 EPT. JUNIORES UOMINI,60 Hs h100-9.14
60Hs H100 EPTATHLON JUNIOR UOMINI U20,60 Hs h100-9.14
60Hs H100 J M P.M.,60 Hs h100-9.14
60Hs H100 JUNIOR UOMINI,60 Hs h100-9.14
60Hs H100 Juniores,60 Hs h100-9.14
60Hs H100 JUNIORES M,60 Hs h100-9.14
60Hs H100 Juniores M,60 Hs h100-9.14
60Hs H100 JUNIORES MASCHILI,60 Hs h100-9.14
60Hs H100 JUNIORES UOMINI,60 Hs h100-9.14
60Hs H106 EPT. UOMINI,60 Hs h100-9.14
60Hs H106 EPTATHLON PROMESSE UOMINI U23,boh
60Hs H106 EPTATHLON UOMINI,60 Hs h106-9.14
60Hs H106 P/S P.M.,60 Hs h100-9.14
60Hs H106 P/S UOMINI,60 Hs h100-9.14
60Hs H106 P/S Uomini,60 Hs h100-9.14
60Hs H106 PROMESSE-SENIORES MASCHILI,60 Hs h100-9.14
60Hs H106 PROMESSE-SENIORES UOMINI,60 Hs h100-9.14
60Hs H106 PROMESSE-SENIORES UOMINI EXTRA,60 Hs h100-9.14
60Hs H106 UOMINI,60 Hs h100-9.14
60Hs H106 Uomini,60 Hs h100-9.14
60Hs H60 RAGAZZE,60 Hs h60-7.50
60Hs H60 RAGAZZI,60 Hs h60-7.50
60Hs H76 ALLIEVE,60 Hs h76-8.50
60Hs H76 CADETTE,boh
60Hs H76 PENTATHLON ALLIEVE U18,60 Hs h76-8.50
60Hs H76-8.00 CADETTE,60 Hs h76-8.00
60Hs H76-8.00 PM CADETTE,60 Hs h76-8.00
60Hs H76-8.50 A F P.M.,60 Hs h76-8.50
60Hs H76-8.50 ALLIEVE,60 Hs h76-8.50
60Hs H76-8.50 Allieve,60 Hs h76-8.50
60Hs H76-8.50 PENT. ALLIEVE,60 Hs h76-8.50
60Hs H84 CADETTI,boh
60Hs H84 DONNE,60 Hs h84-8.50
60Hs H84 PENTATHLON DONNE,60 Hs h84-8.50
60Hs H84 PENTATHLON JUNIOR DONNE U20,boh
60Hs H84 PENTATHLON PROMESSE DONNE U23,boh
60Hs H84-8.50 CADETTI,60 Hs h84-8.50
60Hs H84-8.50 DONNE,60 Hs h84-8.50
60Hs H84-8.50 J/P/S Donne,60 Hs h84-8.50
60Hs H84-8.50 J/P/S F P.M.,60 Hs h84-8.50
60Hs H84-8.50 JPS DONNE,60 Hs h84-8.50
60Hs H84-8.50 JUNIORES-PROMESSE-SENIORES DONNE,60 Hs h84-8.50
60Hs H84-8.50 JUNIORES-PROMESSE-SENIORES FEMMINILI,60 Hs h84-8.50
60Hs H84-8.50 PENT. DONNE,60 Hs h84-8.50
60Hs H84-8.50 PM CADETTI,60 Hs h84-8.50
60Hs H91 ALLIEVI,60 Hs h91-9.14
60Hs H91 PENTATHLON ALLIEVI U18,boh
60Hs H91-9.14 A M P.M.,60 Hs h91-9.14
60Hs H91-9.14 ALLIEVI,60 Hs h91-9.14
60Hs H91-9.14 Allievi,60 Hs h91-9.14
60Hs H91-9.14 PENT. ALLIEVI,60 Hs h91-9.14
60Hs H91-9.14 PENTATHLON ALLIEVI U18,60 Hs h91-9.14
60Hs Master DONNE,boh
60Hs Master UOMINI,boh
60Hs PENTATHLON Master DONNE,boh
60Hs PENTATHLON Master UOMINI,boh
60m  MASTER/BANCARI DONNE,60m
60m  MASTER/BANCARI UOMINI,60m
60m - AJPS DONNE,60m
60m - AJPS UOMINI,60m
60m A/J/P/S F,60m
60m A/J/P/S M,60m
60m Adulti Donne,60m
60m Adulti Uomini,60m
60m AJPS DONNE,60m
60m AJPS UOMINI,60m
60m Allieve,60m
60m ALLIEVE FINALE,60m
60m Allievi,60m
60m ALLIEVI FINALE,60m
60m ASSOLUTO MASCHI EPTATHLON,60m
60m Cadette,60m
60m CADETTE,60m
60m Cadetti,60m
60m CADETTI,60m
60m DONNE,60m
60m Donne,60m
60m DONNE FINALE,60m
60m EPT. JUNIORES UOMINI,60m
60m EPT. UOMINI,60m
60m EPTATHLON JUNIOR UOMINI U20,60m
60m EPTATHLON PROMESSE UOMINI U23,60m
60m EPTATHLON UOMINI,60m
60m Eso F10,60m
60m Eso F5,60m
60m Eso F5+M5,60m
60m Eso F8,60m
60m Eso M10,60m
60m Eso M5,60m
60m Eso M8,60m
60m Finale A Cadette,60m
60m Finale A Cadetti,60m
60m FINALE A DONNE,60m
60m Finale A Donne,60m
60m FINALE A UOMINI,60m
60m Finale A Uomini,60m
60m FINALE ALLIEVE,60m
60m FINALE ALLIEVI,60m
60m Finale B Cadette,60m
60m Finale B Cadetti,60m
60m FINALE B DONNE,60m
60m Finale B Donne,60m
60m FINALE B UOMINI,60m
60m Finale C Uomini,60m
60m Finale Donne,60m
60m FINALE DONNE A,60m
60m FINALE DONNE B,60m
60m Finale Uomini,60m
60m FINALE UOMINI A,60m
60m FINALE UOMINI B,60m
60m FINALE UOMINI C,60m
60m Finali B Uomini,60m
60m FISDIR,60m
60m FISPES T54,60m
60m J M P.M.,60m
60m J/P/S Donne,60m
60m J/P/S Uomini,60m
60m JUN/MASCHI EPTATHLON,60m
60m Juniores Donne,60m
60m Juniores Uomini,60m
60m MASTER DONNE,60m
60m MASTER UOMINI,60m
60m P/S M P.M.,60m
60m piani Cadette,60m
60m piani CADETTE,60m
60m piani Cadetti,60m
60m piani CADETTI,60m
60m piani Ragazze,60m
60m piani Ragazzi,60m
60m Promesse Donne,60m
60m Promesse Uomini,60m
60m Ragazze,60m
60m RAGAZZE,60m
60m Ragazze 2010,60m
60m Ragazzi,60m
60m RAGAZZI,60m
60m Ragazzi 2010,60m
60m UOMINI,60m
60m Uomini,60m
60m UOMINI FINALE,60m
800 metri Adulti Donne,800m
800 metri Adulti Uomini,800m
800 metri Allieve,800m
800 metri ALLIEVE PM,800m
800 metri Allievi,800m
800 metri ASSOLUTE DONNE PM,800m
800 metri ASSOLUTI DONNE,800m
800 metri ASSOLUTI UOMINI,800m
800 metri DONNE,800m
800 metri Donne,800m
800 metri PENTATHLON,800m
800 metri PENTATHLON I/O AF,800m
800 metri PENTATHLON I/O JPS F,800m
800 metri Ragazze,800m
800 metri Ragazzi,800m
800 metri SF60 PENTATHLON,800m
800 metri SF60+ PENTATHLON,800m
800 metri SF75 PENTATHLON,800m
800 metri UOMINI,800m
800 metri Uomini,800m
800m  MASTER DONNE,800m
800m  MASTER UOMINI,800m
800m A F P.M.,800m
800m Adulti Donne,800m
800m Adulti Donne + Juniores Donne + Allieve,800m
800m Adulti Uomini,800m
800m Allieve,800m
800m ALLIEVE PENTATHLON,800m
800m Allievi,800m
800m ASSOLUTO FEMMINILE PENTATHLON,800m
800m Cadette,800m
800m CADETTE,800m
800m Cadetti,800m
800m CADETTI,800m
800m DONNE,800m
800m Donne,800m
800m DONNE (AD INVITO),800m
800m J/P/S F P.M.,800m
800m Juniores Donne,800m
800m Juniores Uomini,800m
800m Juniores Uomini + Allievi,800m
800m MASTER DONNE,800m
800m MASTER UOMINI,800m
800m MASTER UOMINI+DONNE,800m
800m PENT. ALLIEVE,800m
800m PENT. DONNE,800m
800m Pentathlon Allieve,800m
800m PENTATHLON ALLIEVE U18,800m
800m Pentathlon Ass. F,800m
800m PENTATHLON DONNE,800m
800m PENTATHLON JUNIOR DONNE U20,800m
800m PENTATHLON Master DONNE,800m
800m PENTATHLON PROMESSE DONNE U23,800m
800m Promesse Donne,800m
800m Promesse Uomini,800m
800m Ragazze,800m
800m Ragazzi,800m
800m UOMINI,800m
800m Uomini,800m
Alto CADETTE,Salto in alto
Alto CADETTI,Salto in alto
Alto DONNE,Salto in alto
Alto EPTATHLON JUNIOR UOMINI U20,Salto in alto
Alto EPTATHLON PROMESSE UOMINI U23,Salto in alto
Alto EPTATHLON UOMINI,Salto in alto
Alto MASTER DONNE (EXTRA),Salto in alto
Alto MASTER UOMINI,Salto in alto
Alto PENTATHLON ALLIEVE U18,Salto in alto
Alto PENTATHLON ALLIEVI U18,Salto in alto
Alto PENTATHLON DONNE,Salto in alto
Alto PENTATHLON JUNIOR DONNE U20,Salto in alto
Alto PENTATHLON PROMESSE DONNE U23,Salto in alto
Alto TETRATHLON CADETTE,Salto in alto
Alto TETRATHLON CADETTI,Salto in alto
Alto UOMINI,Salto in alto
Asta ALLIEVE,Salto con l’asta
Asta ALLIEVI,Salto con l’asta
Asta CADETTE,Salto con l’asta
Asta CADETTI,Salto con l’asta
Asta DONNE,Salto con l’asta
Asta EPTATHLON JUNIOR UOMINI U20,Salto con l’asta
Asta EPTATHLON PROMESSE UOMINI U23,Salto con l’asta
Asta EPTATHLON UOMINI,Salto con l’asta
Asta MASTER DONNE,Salto con l’asta
Asta MASTER M+F,Salto con l’asta
Asta MASTER UOMINI,Salto con l’asta
Asta UOMINI,Salto con l’asta
BIATHLON RAGAZZE CN-AT-AL,Biathlon RF
BIATHLON RAGAZZI CN-AT-AL,Biathlon RM
BIATHLON RF VCO-NO-VC-TO-BI-FR,Biathlon RF
BIATHLON RM VCO-NO-VC-TO-BI-FR,Biathlon RM
Classifica di Società FEMMINILE,altro
"Disco Kg 1,000 ALLIEVE",Disco Kg 1.000
"Disco Kg 1,000 CADETTE",Disco Kg 1.000
"Disco Kg 1,000 FEMMINILE",Disco Kg 1.000
"Disco Kg 1,500 ALLIEVI",Disco Kg 1.500
"Disco Kg 1,500 CADETTI",Disco Kg 1.500
"Disco Kg 1,750 A/M - J/M",Disco Kg 1.750
Disco kg 1.000 M60-65,Disco Kg 1.000
Disco kg 1.000 M70+,Disco Kg 1.000
Disco kg 1.000 SM60,Disco Kg 1.000
Disco kg 1.000 SM65,Disco Kg 1.000
Disco kg 1.000 SM70,Disco Kg 1.000
Disco kg 1.000 SM75,Disco Kg 1.000
Disco kg 1.000 SM80,Disco Kg 1.000
Disco kg 1.000 SM85,Disco Kg 1.000
Disco Kg 2 P/S MASCHILI,Disco Kg 2.000
Elenco Risultati,altro
Elenco Risultati Complessivi,altro
EPTATHLON ASSOLUTI UOMINI,Eptathlon indoor M
EPTATHLON INDOOR JPS M,Eptathlon indoor M
EPTATHLON INDOOR JUNIOR UOMINI,Eptathlon indoor JM
EPTATHLON INDOOR JUNIOR UOMINI U20,Eptathlon indoor JM
EPTATHLON INDOOR PROMESSE UOMINI U23,Eptathlon indoor M
EPTATHLON INDOOR UOMINI,Eptathlon indoor M
EPTATHLON J M,Eptathlon indoor JM
EPTATHLON JUNIOR UOMINI,Eptathlon indoor JM
EPTATHLON JUNIORES UOMINI,Eptathlon indoor JM
EPTATHLON P/S M,Eptathlon indoor M
EPTATHLON Uomini,Eptathlon indoor M
Giavellotto 400 Gr TETRATHLON Cadette,Giavellotto 400g
Giavellotto 600 Gr TETRATHLON Cadetti,Giavellotto 600g
Giavellotto F70+,Giavellotto Master
Giavellotto g 400 SF75,Giavellotto Master
Giavellotto g 400 SF90,Giavellotto Master
Giavellotto g 500 F60-65,Giavellotto Master
Giavellotto g 500 SF60,Giavellotto Master
Giavellotto g 500 SF65,Giavellotto Master
Giavellotto g 500 SF70,Giavellotto Master
Giavellotto Gr500  ALLIEVE,Giavellotto 500g
Giavellotto Gr700 ALLIEVI,Giavellotto 700g
High Jump MEN,Salto in alto
High Jump WOMEN,Salto in alto
Lungo ALLIEVE,Salto in lungo
Lungo ALLIEVI,Salto in lungo
Lungo CADETTE,Salto in lungo
Lungo CADETTI,Salto in lungo
Lungo DONNE,Salto in lungo
Lungo DONNE (AD INVITO),Salto in lungo
Lungo EPTATHLON JUNIOR UOMINI U20,Salto in lungo
Lungo EPTATHLON PROMESSE UOMINI U23,Salto in lungo
Lungo EPTATHLON UOMINI,Salto in lungo
Lungo MASTER DONNE,Salto in lungo
Lungo MASTER DONNE (EXTRA),Salto in lungo
Lungo MASTER UOMINI,Salto in lungo
Lungo MASTER UOMINI (EXTRA),Salto in lungo
Lungo PENTATHLON ALLIEVE U18,Salto in lungo
Lungo PENTATHLON ALLIEVI U18,Salto in lungo
Lungo PENTATHLON DONNE,Salto in lungo
Lungo PENTATHLON JUNIOR DONNE U20,Salto in lungo
Lungo PENTATHLON PROMESSE DONNE U23,Salto in lungo
Lungo UOMINI,Salto in lungo
Marcia 1000m ESORDIENTI F10,Marcia 1000m
Marcia 1000m ESORDIENTI M10,Marcia 1000m
Marcia 1000m Ragazze,Marcia 1000m
Marcia 1000m Ragazzi,Marcia 1000m
Marcia 2000m Cadette,Marcia 2000m
Marcia 2000m Cadetti,Marcia 2000m
Marcia 2000m Ragazze,Marcia 2000m
Marcia 2000m RAGAZZE,Marcia 2000m
Marcia 2000m RAGAZZI,Marcia 2000m
Marcia 2000m Ragazzi,Marcia 2000m
Marcia 3 Km Adulti Uomini + Adulti Donne + Allieve,Marcia 3000m
Marcia 3000 metri Allieve,Marcia 3000m
Marcia 3000 metri Donne,Marcia 3000m
Marcia 3000 metri SF60,Marcia 3000m
Marcia 3000 metri SF65,Marcia 3000m
Marcia 3000 metri SF70,Marcia 3000m
Marcia 3000 metri SF75,Marcia 3000m
Marcia 3000 metri SM60,Marcia 3000m
Marcia 3000 metri SM65,Marcia 3000m
Marcia 3000 metri SM70,Marcia 3000m
Marcia 3000 metri SM75,Marcia 3000m
Marcia 3000 metri SM80,Marcia 3000m
Marcia 3000 metri SM85,Marcia 3000m
Marcia 3000m  MASTER DONNE,Marcia 3000m
Marcia 3000m  MASTER UOMINI,Marcia 3000m
Marcia 3000m Adulti Donne,Marcia 3000m
Marcia 3000m Adulti Uomini,Marcia 3000m
Marcia 3000m Allieve,Marcia 3000m
Marcia 3000m ASSOLUTI DONNE,Marcia 3000m
Marcia 3000m Cadette,Marcia 3000m
Marcia 3000m CADETTE,Marcia 3000m
Marcia 3000m Cadetti,Marcia 3000m
Marcia 3000m CADETTI,Marcia 3000m
Marcia 3000m Cadetti + Cadette,Marcia 3000m
Marcia 3000m DONNE,Marcia 3000m
Marcia 3000m Donne,Marcia 3000m
Marcia 3000m Juniores Donne,Marcia 3000m
Marcia 3000m Promesse Donne,Marcia 3000m
Marcia 3000m SF80,Marcia 3000m
Marcia 3000m Uomini,Marcia 3000m
Marcia 3000m UOMINI,Marcia 3000m
Marcia 5000 metri Allievi,Marcia 5000m
Marcia 5000 metri Uomini,Marcia 5000m
Marcia 5000m ASSOLUTI UOMINI,Marcia 5000m
Marcia 5000m Juniores Uomini,Marcia 5000m
Marcia 5000m Promesse Uomini,Marcia 5000m
Marcia 5000m UOMINI,Marcia 5000m
Marcia 5000m Uomini,Marcia 5000m
Marcia F60+,Marcia Master
Marcia M60-65,Marcia Master
Marcia M70+,Marcia Master
Martello kg 2.000 SF75,Martello Master
Martello kg 2.000 SF80,Martello Master
Martello kg 2.000 SF90,Martello Master
Martello Kg 3.000 ALLIEVE,Martello Kg 3.000
Martello Kg 3.000 CADETTE,Martello Kg 3.000
Martello kg 3.000 F60-65,Martello Master
Martello kg 3.000 SF60,Martello Master
Martello kg 3.000 SF65,Martello Master
Martello kg 3.000 SF70,Martello Master
Martello kg 3.000 SM80,Martello Master
Martello kg 3.000 SM85,Martello Master
Martello Kg 4.000 CADETTI,Martello Kg 4.000
Martello kg 4.000 SM70,Martello Master
Martello kg 4.000 SM75,Martello Master
Martello Kg 5.000 ALLIEVI,Martello Kg 5.000
Martello kg 5.000 M60-65,Martello Master
Martello kg 5.000 SM60,Martello Master
Martello kg 5.000 SM65,Martello Master
Martello M70+,Martello Master
Martello SF70+,Martello Master
Modelli 1sta,altro
Modello 1 /STA - Modena - 29/01/2023,altro
Modello 1-STA 03/02/2024,altro
Modello 1-STA 04/02/2024,altro
Modello 1-STA 18/02/2023,altro
Modello 1-STA 20/01/2024,altro
Modello 1-STA 21/01/2024,altro
Modello 1/STA - 02/12/2023,altro
Modello 1/STA - 04/02/2023,altro
Modello 1/STA - 05/02/2023,altro
Modello 1/STA - 12/02/2023 - Modena,altro
Modello 1/STA - 14/01/2023,altro
Modello 1/STA - 15/01/2023,altro
Modello 1/STA - 21/01/2023,altro
Modello 1/STA - 22/01/2023,altro
Modello 1/STA - Modena - 11/03/2023,altro
Modello 1/STA - Modena - 13/01/2024,altro
Modello 1/STA - Modena - 14/01/2024,altro
Modello 1/STA 11-02-2023,altro
Modello 1/STA 28-01-2023,altro
Modello 1/sta 5 marzo,altro
Modello 1sta,altro
Modello 1sta domenica,altro
Modello 1sta sabato,altro
Palla medica Kg 2 Ragazze,Palla medica Kg 2
Palla Medica Kg 2 RAGAZZE,Palla medica Kg 2
Palla Medica Kg 2 Ragazzi,Palla medica Kg 2
Palla Medica Kg 2 RAGAZZI,Palla medica Kg 2
Palla medica Kg 2 Ragazzi,Palla medica Kg 2
Palla medica Kg 2.000 Ragazze,Palla medica Kg 2
Palla medica Kg 2.000 Ragazzi,Palla medica Kg 2
PENTATHLON A F,Pentathlon indoor AF
PENTATHLON A M,Pentathlon indoor AM
PENTATHLON ALLIEVE,Pentathlon indoor AF
PENTATHLON ALLIEVI,Pentathlon indoor AM
PENTATHLON DONNE,Pentathlon indoor F
PENTATHLON Donne,Pentathlon indoor F
PENTATHLON INDOOR ALLIEVE,Pentathlon indoor AF
PENTATHLON INDOOR ALLIEVE - 800,800m
PENTATHLON INDOOR ALLIEVE - 800 U18,Pentathlon indoor AF
PENTATHLON INDOOR ALLIEVI,Pentathlon indoor AM
PENTATHLON INDOOR ALLIEVI U18,Pentathlon indoor AM
PENTATHLON INDOOR DONNE,Pentathlon indoor F
PENTATHLON INDOOR JPS F,Pentathlon indoor F
PENTATHLON INDOOR JUNIOR DONNE U20,Pentathlon indoor F
PENTATHLON INDOOR PROMESSE DONNE U23,Pentathlon indoor F
PENTATHLON J/P/S F,Pentathlon indoor F
PENTATHLON SF60,Pentathlon indoor Master
PENTATHLON SF75,Pentathlon indoor Master
PENTATHLON SM60,Pentathlon indoor Master
PENTATHLON SM65,Pentathlon indoor Master
PENTATHLON SM75,Pentathlon indoor Master
PENTATHLON SM80,Pentathlon indoor Master
Peso  BANCARI DONNE,Peso Master
Peso  BANCARI UOMINI,Peso Master
Peso  MASTER DONNE,Peso Master
Peso  MASTER UOMINI,Peso Master
Peso 2kg TRIATHLON RAGAZZE,Peso Kg 2.000
Peso 3 kg CADETTE,not yet
Peso 3kg CADETTE,Peso Kg 3.000
Peso 3kg Pentathlon Allieve,boh
Peso 3kg TETRATHLON CADETTE,boh
Peso 4 kg CADETTI,boh
Peso 4kg CADETTI,boh
Peso 4kg Pentathlon Ass. F,boh
Peso 4kg TETRATHLON CADETTI,boh
Peso 5kg Pentathlon Allievi,boh
Peso Allieve,boh
Peso Allieve + Juniores + Adulte Donne,not yet
Peso Allieve Donne + Senior Donne,not yet
Peso Allievi,boh
Peso Allievi + Adulti Uomini,not yet
Peso Donne,boh
Peso EPTATHLON,boh
Peso F70+,boh
Peso gomma 1kg 1° Media DONNE,boh
Peso gomma 1kg 3° Media UOMINI,boh
Peso gomma 2 kg RAGAZZE,boh
Peso gomma 2 kg RAGAZZI,boh
Peso gomma kg 2 2° Media DONNE,boh
Peso gomma kg 2 2° Media UOMINI,boh
Peso gomma kg 2 3° Media DONNE,boh
Peso gomma kg 2 RAGAZZE,boh
Peso gomma kg 2 RAGAZZE 2011,boh
Peso gomma kg 2 RAGAZZI,boh
Peso gomma kg 2 RAGAZZI 2011,boh
Peso gomma kg 2.000 Ragazze,boh
Peso gomma kg 2.000 Ragazzi,boh
Peso gomma kg1 1° Media UOMINI,boh
Peso JM+SM,not yet
Peso Juniores Donne,not yet
Peso Juniores Uomini,not yet
Peso Kg 2  Ragazze BIATHLON,boh
Peso kg 2 RAGAZZE,Peso Kg 2.000
Peso Kg 2 RAGAZZE,Peso Kg 2.000
Peso kg 2 RAGAZZI,Peso Kg 2.000
Peso Kg 2 RAGAZZI,Peso Kg 2.000
Peso Kg 2 Ragazzi BIATHLON,Peso Kg 2.000
Peso kg 2 SF75 PENTATHLON,Peso Kg 2.000
Peso kg 2.000 Esordienti 8F,Peso Kg 2.000
Peso kg 2.000 Esordienti F10,Peso Kg 2.000
Peso kg 2.000 Esordienti M10,Peso Kg 2.000
Peso kg 2.000 Esordienti M8,Peso Kg 2.000
Peso Kg 2.000 Ragazze,Peso Kg 2.000
Peso kg 2.000 Ragazze,not yet
Peso Kg 2.000 RAGAZZE,Peso Kg 2.000
Peso Kg 2.000 Ragazze 2010,Peso Kg 2.000
Peso Kg 2.000 Ragazzi,Peso Kg 2.000
Peso kg 2.000 Ragazzi,not yet
Peso Kg 2.000 RAGAZZI,Peso Kg 2.000
Peso Kg 2.000 Ragazzi 2010,Peso Kg 2.000
Peso Kg 3 - ALLIEVE,boh
Peso kg 3 A F P.M.,Peso Kg 3.000
Peso kg 3 Allieve,Peso Kg 3.000
Peso kg 3 ALLIEVE,Peso Kg 3.000
Peso kg 3 ALLIEVE PM,boh
Peso kg 3 Cadette,Peso Kg 3.000
Peso kg 3 CADETTE,Peso Kg 3.000
Peso kg 3 CADETTE 2009-2010,boh
Peso kg 3 Master Donne 50-70,Peso Kg 3.000
Peso kg 3 PENT. ALLIEVE,Peso Kg 3.000
Peso kg 3 PENTATHLON ALLIEVE U18,not yet
Peso kg 3 PM CADETTE,Peso Kg 3.000
Peso kg 3 SF50-SF70,Peso Kg 3.000
Peso kg 3 SF60 PENTATHLON,boh
Peso kg 3 SM80 PENTATHLON,boh
Peso kg 3 SM80-90,Peso Kg 3.000
Peso Kg 3.000 Allieve,Peso Kg 3.000
Peso kg 3.000 Allieve,Peso Kg 3.000
Peso Kg 3.000 ALLIEVE,boh
Peso Kg 3.000 ALLIEVE PENTATHLON,boh
Peso Kg 3.000 Cadette,Peso Kg 3.000
Peso kg 3.000 Cadette,boh
Peso Kg 3.000 Tetrathlon Cadette,not yet
Peso Kg 3.000 TETRATHLON CADETTE,boh
Peso kg 3.000 Tetrathlon Cadette,boh
Peso Kg 4 - AJPS DONNE,boh
Peso kg 4 Adulti Donne,Peso Kg 4.000
Peso kg 4 ASSOLUTE DONNE PM,boh
Peso kg 4 ASSOLUTI DONNE,boh
Peso Kg 4 ASSOLUTO FEMMINILE PENTATHLON,boh
Peso kg 4 Cadetti,Peso Kg 4.000
Peso kg 4 CADETTI,Peso Kg 4.000
Peso kg 4 CADETTI 2009-2010,boh
Peso kg 4 DONNE,Peso Kg 4.000
Peso kg 4 Donne,Peso Kg 4.000
Peso kg 4 J/P/S F P.M.,Peso Kg 4.000
Peso kg 4 J/PS Donne,Peso Kg 4.000
Peso kg 4 Juniores Donne,Peso Kg 4.000
Peso kg 4 Master Donne 35-45,Peso Kg 4.000
Peso kg 4 Master Uomini 70-75,Peso Kg 4.000
Peso kg 4 PENT. DONNE,Peso Kg 4.000
Peso kg 4 PENTATHLON DONNE,not yet
Peso kg 4 PENTATHLON JUNIOR DONNE U20,boh
Peso kg 4 PENTATHLON PROMESSE DONNE U23,boh
Peso kg 4 PM CADETTI,Peso Kg 4.000
Peso kg 4 SF30-SF45,Peso Kg 4.000
Peso kg 4 SM70-SM75,Peso Kg 4.000
Peso kg 4 SM75 PENTATHLON,boh
Peso Kg 4.000 ASS/F,boh
Peso Kg 4.000 Cadetti,Peso Kg 4.000
Peso kg 4.000 Cadetti,boh
Peso Kg 4.000 Donne,Peso Kg 4.000
Peso kg 4.000 Donne,not yet
Peso Kg 4.000 JPS Donne,boh
Peso kg 4.000 Juniores Donne,Peso Kg 4.000
Peso Kg 4.000 PENTATHLON JPS DONNE,boh
Peso kg 4.000 Promesse Donne,Peso Kg 4.000
Peso Kg 4.000 Tetrathlon Cadetti,not yet
Peso Kg 4.000 TETRATHLON CADETTI,boh
Peso kg 4.000 Tetrathlon Cadetti,boh
Peso kg 5 A M P.M.,Peso Kg 5.000
Peso kg 5 Allievi,Peso Kg 5.000
Peso kg 5 ALLIEVI,Peso Kg 5.000
Peso kg 5 ALLIEVI PM,boh
Peso kg 5 Master Uomini 60-65,Peso Kg 5.000
Peso kg 5 PENT. ALLIEVI,Peso Kg 5.000
Peso kg 5 PENTATHLON ALLIEVI U18,not yet
Peso kg 5 SM60 PENTATHLON,boh
Peso kg 5 SM60-SM65,Peso Kg 5.000
Peso kg 5 SM65 PENTATHLON,boh
Peso Kg 5.000 Allievi,Peso Kg 5.000
Peso kg 5.000 Allievi,Peso Kg 5.000
Peso Kg 5.000 ALLIEVI,boh
Peso Kg 5.000 ALLIEVI PENTATHLON,boh
Peso Kg 5.000 PENTATHLON ALLIEVI,boh
Peso Kg 5.000 PENTATHLON SM60,boh
Peso Kg 6 - JUNIORES M,boh
Peso kg 6 EPT. JUNIORES UOMINI,Peso Kg 6.000
Peso kg 6 EPTATHLON JUNIOR UOMINI U20,not yet
Peso kg 6 J M P.M.,Peso Kg 6.000
Peso kg 6 JUNIOR UOMINI,Peso Kg 6.000
Peso kg 6 Juniores,Peso Kg 6.000
Peso kg 6 Juniores M,Peso Kg 6.000
Peso kg 6 JUNIORES UOMINI,Peso Kg 6.000
Peso kg 6 JUNIORES UOMINI PM,boh
Peso kg 6 Master Uomini 50-55,Peso Kg 6.000
Peso kg 6 SM50-SM55,Peso Kg 6.000
Peso Kg 6.000  JUN/MASCHI EPTATHLON,boh
Peso Kg 6.000 JUNIORES M,boh
Peso Kg 6.000 Juniores Uomini,Peso Kg 6.000
Peso kg 6.000 Juniores Uomini,Peso Kg 6.000
Peso Kg 6.000 JUNIORS MASCHILI,Peso Kg 6.000
Peso Kg 7.260 - AJPS UOMINI,boh
Peso kg 7.260 Adulti Uomini,Peso Kg 7.260
Peso Kg 7.260 ASS/MASCHI EPTATHLON,boh
Peso kg 7.260 ASSOLUTI UOMINI,boh
Peso kg 7.260 ASSOLUTI UOMINI PM,boh
Peso kg 7.260 EPT. UOMINI,Peso Kg 7.260
Peso Kg 7.260 EPTATHLON P/S UOMINI,boh
Peso kg 7.260 EPTATHLON PROMESSE UOMINI U23,boh
Peso kg 7.260 EPTATHLON UOMINI,not yet
Peso kg 7.260 Master Uomini 35-45,Peso Kg 7.260
Peso kg 7.260 P/S P.M.,Peso Kg 7.260
Peso kg 7.260 P/S Uomini,Peso Kg 7.260
Peso Kg 7.260 P/S Uomini,boh
Peso Kg 7.260 PRO-SEN MASCHILI,Peso Kg 7.260
Peso kg 7.260 SM35-45,Peso Kg 7.260
Peso kg 7.260 UOMINI,Peso Kg 7.260
Peso kg 7.260 Uomini,Peso Kg 7.260
Peso Kg 7.260 Uomini,Peso Kg 7.260
Peso M75+,boh
Peso MASTER DONNE,Peso Master
Peso Master Donne,Peso Master
Peso MASTER UOMINI,Peso Master
Peso Master Uomini,Peso Master
Peso Master UOMINI,boh
Peso PENTATHLON,boh
Peso PENTATHLON Master DONNE,boh
Peso PENTATHLON Master UOMINI,boh
Peso Promesse Donne,not yet
Peso Promesse Uomini,not yet
Peso SF60+ PENTATHLON,boh
Peso SM60+ PENTATHLON,boh
Peso Uomini,boh
Peso/SP Adulti Donne,boh
Peso/SP Adulti Uomini,boh
Peso/SP Kg 2.000 RAGAZZE,Peso Kg 2.000
Peso/SP Kg 2.000 RAGAZZI,Peso Kg 2.000
Peso/SP Kg 2.000 SF75,boh
Peso/SP Kg 2.000 SF80,boh
Peso/SP Kg 2.000 SF85,boh
Peso/SP Kg 3.000 ALLIEVE,Peso Kg 3.000
Peso/SP Kg 3.000 Allieve,boh
Peso/SP Kg 3.000 CADETTE,Peso Kg 3.000
Peso/SP Kg 3.000 Cadette,boh
Peso/SP Kg 3.000 PENTATHLON I/O AF,boh
Peso/SP Kg 3.000 SF70,boh
Peso/SP Kg 3.000 SM80,boh
Peso/SP Kg 3.000 SM85,boh
Peso/SP kg 3.000 SM90,boh
Peso/SP Kg 4.000 CADETTI,Peso Kg 4.000
Peso/SP Kg 4.000 Cadetti,boh
Peso/SP Kg 4.000 JUN-PRO-SEN FEMMINILI,Peso Kg 4.000
Peso/SP Kg 4.000 Juniores Donne,boh
Peso/SP Kg 4.000 PENTATHLON I/O JPS F,boh
Peso/SP Kg 4.000 SM70,boh
Peso/SP Kg 4.000 SM75,boh
Peso/SP Kg 5.000 ALLIEVI,Peso Kg 5.000
Peso/SP Kg 5.000 Allievi,boh
Peso/SP Kg 5.000 PENTATHLON I/O AM,boh
Peso/SP Kg 6.000 EPTATHLON I/O JM,boh
Peso/SP Kg 6.000 Juniores Uomini,boh
Peso/SP Kg 7.260 EPTATHLON I/O JPS M,boh
PV M/W Gr. 1,Salto con l’asta
PV Males Gr. 1,Salto con l’asta
PV Males Gr. 2,Salto con l’asta
PV TOP Males,Salto con l’asta
PV TOP Women,Salto con l’asta
PV Women Gr. 1,Salto con l’asta
Risultati,altro
RISULTATI COMPLESSIVI,altro
Risultati completi,altro
Salto con l'asta,Salto con l’asta
Salto con l'asta A/J/P/S M,Salto con l’asta
Salto con l'asta AJPS Donne,Salto con l’asta
Salto con l'asta AJPS Uomini,Salto con l’asta
Salto con l'asta ALLIEVE,Salto con l’asta
Salto con l'asta Allieve,Salto con l’asta
Salto con l'asta ALLIEVI,Salto con l’asta
Salto con l'asta Allievi,Salto con l’asta
Salto con l'asta ASSOLUTE DONNE AD IN INVITO,Salto con l’asta
Salto con l'asta ASSOLUTI DONNE,Salto con l’asta
Salto con l'asta ASSOLUTI UOMINI,Salto con l’asta
Salto con l'asta ASSOLUTI UOMINI PM,Salto con l’asta
Salto con l'asta CADETTE,Salto con l’asta
Salto con l'asta Cadette,Salto con l’asta
Salto con l'asta CADETTI,Salto con l’asta
Salto con l'asta Cadetti,Salto con l’asta
Salto con l'asta CF,Salto con l’asta
Salto con l'asta CM,Salto con l’asta
Salto con l'asta CM+CF,Salto con l’asta
Salto con l'asta DONNE,Salto con l’asta
Salto con l'asta Donne,Salto con l’asta
Salto con l'asta DONNE ad invito,Salto con l’asta
Salto con l'asta EPT. JUNIORES UOMINI,Salto con l’asta
Salto con l'asta EPT. UOMINI,Salto con l’asta
Salto con l'asta EPTATHLON,Salto con l’asta
Salto con l'asta FEMMINILE,Salto con l’asta
Salto con l'asta Femminile,Salto con l’asta
Salto con l'asta GARA 1,Salto con l’asta
Salto con l'asta GARA 2,Salto con l’asta
Salto con l'asta GARA 3,Salto con l’asta
Salto con l'asta J M P.M.,Salto con l’asta
Salto con l'asta J/P/S Uomini,Salto con l’asta
Salto con l'asta JPS Donne,Salto con l’asta
Salto con l'asta Juniores Donne,Salto con l’asta
Salto con l'asta Juniores F,Salto con l’asta
Salto con l'asta Juniores M,Salto con l’asta
Salto con l'asta Juniores Uomini,Salto con l’asta
Salto con l'asta JUNIORES UOMINI PM,Salto con l’asta
Salto con l'asta MASCHILE,Salto con l’asta
Salto con l'asta MASTER UOMINI,Salto con l’asta
Salto con l'asta Master Uomini,Salto con l’asta
Salto con l'asta P/S P.M.,Salto con l’asta
Salto con l'asta Promesse Donne,Salto con l’asta
Salto con l'asta Promesse M,Salto con l’asta
Salto con l'asta Promesse Uomini,Salto con l’asta
Salto con l'asta Seniores M,Salto con l’asta
Salto con l'asta Uomini,Salto con l’asta
Salto con l'asta UOMINI,Salto con l’asta
Salto con l'asta UOMINI ad invito,Salto con l’asta
Salto con l'asta/PV Cadette,Salto con l’asta
Salto con l'asta/PV Cadetti,Salto con l’asta
Salto con l'asta/PV DONNE,Salto con l’asta
Salto con l'asta/PV Donne,Salto con l’asta
Salto con l'asta/PV UOMINI,Salto con l’asta
Salto con l'asta/PV Uomini,Salto con l’asta
Salto in alto  MASCHILE,Salto in alto
Salto in alto  UOMINI,Salto in alto
Salto in alto A F P.M.,Salto in alto
Salto in alto A M P.M.,Salto in alto
Salto in alto Adulti Donne,Salto in alto
Salto in alto Adulti Donne + Juniores Donne,Salto in alto
Salto in alto Adulti Uomini,Salto in alto
Salto in alto Adulti Uomini + Juniores Uomini,Salto in alto
Salto in alto Allieve,Salto in alto
Salto in alto ALLIEVE,Salto in alto
Salto in alto ALLIEVE PM,Salto in alto
Salto in alto ALLIEVE/JUNIOR F,Salto in alto
Salto in alto Allievi,Salto in alto
Salto in alto ALLIEVI,Salto in alto
Salto in alto Allievi + Allieve,Salto in alto
Salto in alto ALLIEVI PM,Salto in alto
Salto in alto ASSOLUTE DONNE,Salto in alto
Salto in alto ASSOLUTI DONNE,Salto in alto
Salto in alto ASSOLUTI DONNE PM,Salto in alto
Salto in alto ASSOLUTI FEMMINILI,Salto in alto
Salto in alto ASSOLUTI MASCHILI,Salto in alto
Salto in alto ASSOLUTI UOMINI,Salto in alto
Salto in alto ASSOLUTI UOMINI PM,Salto in alto
Salto in alto Cadette,Salto in alto
Salto in alto CADETTE,Salto in alto
Salto in alto CADETTE (U16),Salto in alto
Salto in alto Cadetti,Salto in alto
Salto in alto CADETTI,Salto in alto
Salto in alto CADETTI (U16),Salto in alto
Salto in alto Donne,Salto in alto
Salto in alto DONNE,Salto in alto
Salto in alto EPT. JUNIORES UOMINI,Salto in alto
Salto in alto EPT. UOMINI,Salto in alto
Salto in alto EPTATHLON,Salto in alto
Salto in alto ESO F10,Salto in alto
Salto in alto ESO M10,Salto in alto
Salto in alto Esordienti F10,Salto in alto
Salto in alto Esordienti F8,Salto in alto
Salto in alto Esordienti M10,Salto in alto
Salto in alto Esordienti M8,Salto in alto
Salto in alto FEMMINILE,Salto in alto
Salto in alto Femminile,Salto in alto
Salto in alto J M P.M.,Salto in alto
Salto in alto J/P/S F P.M.,Salto in alto
Salto in alto J/P/S Uomini,Salto in alto
Salto in alto JPS Donne,Salto in alto
Salto in alto JUNIOR/PROMESSE M,Salto in alto
Salto in alto Juniores Donne,Salto in alto
Salto in alto Juniores F,Salto in alto
Salto in alto Juniores M,Salto in alto
Salto in alto Juniores Uomini,Salto in alto
Salto in alto JUNIORES UOMINI PM,Salto in alto
Salto in alto MASCHILE,Salto in alto
Salto in alto Maschile,Salto in alto
Salto in alto MASTER UOMINI,Salto in alto
Salto in alto P/S P.M.,Salto in alto
Salto in alto PENT. ALLIEVE,Salto in alto
Salto in alto PENT. ALLIEVI,Salto in alto
Salto in alto PENT. DONNE,Salto in alto
Salto in alto PENTATHLON,Salto in alto
Salto in alto PM CADETTE,Salto in alto
Salto in alto Promesse Donne,Salto in alto
Salto in alto Promesse M,Salto in alto
Salto in alto Promesse Uomini,Salto in alto
Salto in alto Promesse/ Senior Donne,Salto in alto
Salto in alto Ragazze,Salto in alto
Salto in alto RAGAZZE,Salto in alto
Salto in alto Ragazzi,Salto in alto
Salto in alto RAGAZZI,Salto in alto
Salto in alto RAGAZZI (U14),Salto in alto
Salto in alto Seniores F,Salto in alto
Salto in alto SF60 PENTATHLON,Salto in alto
Salto in alto SF60+ PENTATHLON,Salto in alto
Salto in alto SF75 PENTATHLON,Salto in alto
Salto in alto SM60 PENTATHLON,Salto in alto
Salto in alto SM60+ PENTATHLON,Salto in alto
Salto in alto SM65 PENTATHLON,Salto in alto
Salto in alto SM75 PENTATHLON,Salto in alto
Salto in alto SM80 PENTATHLON,Salto in alto
Salto in alto Tetrathlon Cadette,Salto in alto
Salto in alto TETRATHLON Cadetti,Salto in alto
Salto in alto Tetrathlon Cadetti,Salto in alto
Salto in alto TRIATHLON RAGAZZE,Salto in alto
Salto in alto UOMINI,Salto in alto
Salto in alto Uomini,Salto in alto
Salto in alto/HJ Adulti Donne,Salto in alto
Salto in alto/HJ Adulti Uomini,Salto in alto
Salto in alto/HJ Allieve,Salto in alto
Salto in alto/HJ Allievi,Salto in alto
Salto in alto/HJ CADETTE,Salto in alto
Salto in alto/HJ Cadette,Salto in alto
Salto in alto/HJ CADETTI,Salto in alto
Salto in alto/HJ Cadetti,Salto in alto
Salto in alto/HJ DONNE,Salto in alto
Salto in alto/HJ Donne,Salto in alto
Salto in alto/HJ MASTER DONNE,Salto in alto
Salto in alto/HJ RAGAZZE,Salto in alto
Salto in alto/HJ Ragazze,Salto in alto
Salto in alto/HJ RAGAZZI,Salto in alto
Salto in alto/HJ Ragazzi,Salto in alto
Salto in alto/HJ UOMINI,Salto in alto
Salto in lungo  Juniores Donne,Salto in lungo
Salto in lungo A F P.M.,Salto in lungo
Salto in lungo A M P.M.,Salto in lungo
Salto in lungo Adulti Donne,Salto in lungo
Salto in lungo Adulti Donne + Juniores Donne,Salto in lungo
Salto in lungo Adulti Uomini,Salto in lungo
Salto in lungo Adulti Uomini + Juniores Uomini,Salto in lungo
Salto in lungo Allieve,Salto in lungo
Salto in lungo ALLIEVE,Salto in lungo
Salto in lungo ALLIEVE PM,Salto in lungo
Salto in lungo Allievi,Salto in lungo
Salto in lungo ALLIEVI,Salto in lungo
Salto in lungo ALLIEVI PM,Salto in lungo
Salto in lungo ASSOLUTE DONNE,Salto in lungo
Salto in lungo ASSOLUTE DONNE PM,Salto in lungo
Salto in lungo ASSOLUTI DONNE,Salto in lungo
Salto in lungo Assoluti Donne,Salto in lungo
Salto in Lungo ASSOLUTI FEMMINILI,Salto in lungo
Salto in lungo ASSOLUTI MASCHILI,Salto in lungo
Salto in lungo ASSOLUTI UOMINI,Salto in lungo
Salto in lungo ASSOLUTI UOMINI PM,Salto in lungo
Salto in lungo Cadette,Salto in lungo
Salto in lungo CADETTE,Salto in lungo
Salto in lungo CADETTE (U16),Salto in lungo
Salto in lungo CADETTE 2009-2010,Salto in lungo
Salto in lungo Cadetti,Salto in lungo
Salto in lungo CADETTI,Salto in lungo
Salto in lungo CADETTI (U16),Salto in lungo
Salto in lungo CADETTI 2009-2010,Salto in lungo
Salto in lungo Donne,Salto in lungo
Salto in lungo DONNE,Salto in lungo
Salto in lungo EPT. JUNIORES UOMINI,Salto in lungo
Salto in lungo EPT. UOMINI,Salto in lungo
Salto in lungo EPTATHLON,Salto in lungo
Salto in lungo Eso F10,Salto in lungo
Salto in lungo Eso F5,Salto in lungo
Salto in lungo Eso F5-8,Salto in lungo
Salto in lungo Eso F8,Salto in lungo
Salto in lungo ESO F8,Salto in lungo
Salto in lungo Eso M10,Salto in lungo
Salto in lungo Eso M5,Salto in lungo
Salto in lungo Eso M5-8-10,Salto in lungo
Salto in lungo Eso M8,Salto in lungo
Salto in lungo ESO M8,Salto in lungo
Salto in lungo ESOORDIENTI M10,Salto in lungo
Salto in lungo Esordienti F 10,Salto in lungo
Salto in lungo Esordienti F 5,Salto in lungo
Salto in lungo Esordienti F 8,Salto in lungo
Salto in lungo ESORDIENTI F10,Salto in lungo
Salto in lungo Esordienti M 10,Salto in lungo
Salto in lungo Esordienti M 5,Salto in lungo
Salto in lungo Esordienti M 8,Salto in lungo
Salto in lungo FEMMINILE,Salto in lungo
Salto in lungo Femminile,Salto in lungo
Salto in lungo FISDIR,Salto in lungo
Salto in lungo J M P.M.,Salto in lungo
Salto in lungo J/P/S DONNE,Salto in lungo
Salto in lungo J/P/S F P.M.,Salto in lungo
Salto in lungo J/P/S Uomini,Salto in lungo
Salto in lungo J/P/S UOMINI,Salto in lungo
Salto in lungo JPS Donne,Salto in lungo
Salto in lungo Juniores Donne,Salto in lungo
Salto in lungo Juniores F,Salto in lungo
Salto in lungo Juniores M,Salto in lungo
Salto in lungo Juniores Uomini,Salto in lungo
Salto in lungo JUNIORES UOMINI PM,Salto in lungo
Salto in lungo MASCHILE,Salto in lungo
Salto in lungo Maschile,Salto in lungo
Salto in lungo MASTER DONNE,Salto in lungo
Salto in lungo Master Donne,Salto in lungo
Salto in lungo MASTER UOMINI,Salto in lungo
Salto in lungo Master Uomini,Salto in lungo
Salto in lungo P/S Donne,Salto in lungo
Salto in lungo P/S P.M.,Salto in lungo
Salto in lungo P/S Uomini,Salto in lungo
Salto in lungo PENT. ALLIEVE,Salto in lungo
Salto in lungo PENT. ALLIEVI,Salto in lungo
Salto in lungo PENT. DONNE,Salto in lungo
Salto in lungo PENTATHLON,Salto in lungo
Salto in lungo PM CADETTI,Salto in lungo
Salto in lungo Promesse Donne,Salto in lungo
Salto in lungo Promesse F,Salto in lungo
Salto in lungo Promesse M,Salto in lungo
Salto in lungo Promesse Uomini,Salto in lungo
Salto in lungo Ragazze,Salto in lungo
Salto in lungo RAGAZZE,Salto in lungo
Salto in lungo RAGAZZE (U14),Salto in lungo
Salto in lungo RAGAZZE 2011,Salto in lungo
Salto in lungo Ragazzi,Salto in lungo
Salto in lungo RAGAZZI,Salto in lungo
Salto in lungo RAGAZZI 2011,Salto in lungo
Salto in lungo Seniores M,Salto in lungo
Salto in lungo SF60 PENTATHLON,Salto in lungo
Salto in lungo SF60+ PENTATHLON,Salto in lungo
Salto in lungo SF75 PENTATHLON,Salto in lungo
Salto in lungo SM60 PENTATHLON,Salto in lungo
Salto in lungo SM60+ PENTATHLON,Salto in lungo
Salto in lungo SM65 PENTATHLON,Salto in lungo
Salto in lungo SM75 PENTATHLON,Salto in lungo
Salto in lungo SM80 PENTATHLON,Salto in lungo
Salto in lungo TETRATHLON Cadette,Salto in lungo
Salto in lungo UOMINI,Salto in lungo
Salto in lungo Uomini,Salto in lungo
Salto in lungo/LJ Adulte Donne,Salto in lungo
Salto in lungo/LJ Adulti Uomini,Salto in lungo
Salto in lungo/LJ ALLIEVE,Salto in lungo
Salto in lungo/LJ Allieve,Salto in lungo
Salto in lungo/LJ ALLIEVI,Salto in lungo
Salto in lungo/LJ CADETTE,Salto in lungo
Salto in lungo/LJ Cadette,Salto in lungo
Salto in lungo/LJ CADETTI,Salto in lungo
Salto in lungo/LJ Cadetti,Salto in lungo
Salto in lungo/LJ DONNE,Salto in lungo
Salto in lungo/LJ Donne,Salto in lungo
Salto in lungo/LJ EF10,Salto in lungo
Salto in lungo/LJ EF5,Salto in lungo
Salto in lungo/LJ EF8,Salto in lungo
Salto in lungo/LJ EM10,Salto in lungo
Salto in lungo/LJ EM8,Salto in lungo
Salto in lungo/LJ RAGAZZE,Salto in lungo
Salto in lungo/LJ Ragazze,Salto in lungo
Salto in lungo/LJ RAGAZZI,Salto in lungo
Salto in lungo/LJ Ragazzi,Salto in lungo
Salto in lungo/LJ UOMINI,Salto in lungo
Salto in lungo/LJ Uomini,Salto in lungo
Salto lungo da fermo 1° Media DONNE,Salto in lungo da fermo
Salto lungo da fermo 1° Media UOMINI,Salto in lungo da fermo
Salto lungo da fermo 2° Media DONNE,Salto in lungo da fermo
Salto lungo da fermo 2° Media UOMINI,Salto in lungo da fermo
Salto lungo da fermo 3° Media DONNE,Salto in lungo da fermo
Salto lungo da fermo 3° Media UOMINI,Salto in lungo da fermo
Salto triplo A/J/P/S F,Salto triplo
Salto triplo A/J/P/S M,Salto triplo
Salto triplo AJPS Donne,Salto triplo
Salto triplo AJPS Uomini,Salto triplo
Salto triplo ALLIEVE,Salto triplo
Salto triplo Allieve,Salto triplo
Salto triplo Allieve-Sen. Donne,Salto triplo
Salto triplo ALLIEVI,Salto triplo
Salto triplo Allievi,Salto triplo
Salto triplo Allievi-Sen. Uomini,Salto triplo
Salto triplo ASSOLUTI DONNE,Salto triplo
Salto triplo ASSOLUTI FEMMINILI,Salto triplo
Salto triplo ASSOLUTI MASCHILI,Salto triplo
Salto triplo ASSOLUTI UOMINI,Salto triplo
Salto triplo Cadette,Salto triplo
Salto triplo CADETTE,Salto triplo
Salto triplo CADETTE (U16),Salto triplo
Salto triplo Cadetti,Salto triplo
Salto triplo CADETTI,Salto triplo
Salto triplo CADETTI (U16),Salto triplo
Salto triplo DONNE,Salto triplo
Salto triplo Donne,Salto triplo
Salto triplo FEMMINILE,Salto triplo
Salto triplo J/P/S Donne,Salto triplo
Salto triplo J/P/S Uomini,Salto triplo
Salto triplo Juniores Donne,Salto triplo
Salto triplo Juniores F,Salto triplo
Salto triplo Juniores M,Salto triplo
Salto triplo Juniores Uomini,Salto triplo
Salto triplo MASCHILE,Salto triplo
Salto triplo MASTER DONNE,Salto triplo
Salto triplo MASTER UOMINI,Salto triplo
Salto triplo Promesse Donne,Salto triplo
Salto triplo Promesse Uomini,Salto triplo
Salto triplo Uomini,Salto triplo
Salto triplo UOMINI,Salto triplo
Salto triplo/TJ Allieve,Salto triplo
Salto triplo/TJ Allievi,Salto triplo
Salto triplo/TJ CADETTE,Salto triplo
Salto triplo/TJ Donne,Salto triplo
Salto triplo/TJ Juniores Donne,Salto triplo
Salto triplo/TJ Juniores Uomini,Salto triplo
Salto triplo/TJ P/S Donne,Salto triplo
Salto triplo/TJ P/S Uomini,Salto triplo
Salto triplo/TJ UOMINI,Salto triplo
Salto triplo/TJ Uomini,Salto triplo
Staff. 4X160 Indoor Cadette,4x160m
Staff. 4X160 Indoor Cadetti,4x160m
Staff. 4X160 Indoor Ragazze,4x160m
Staff. 4X160 Indoor Ragazzi,4x160m
Staff. 4X160 Special Olympics Uomini,4x160m
Staff. 4X160 Staffetta Unificata Special,4x160m
Staffetta 3x2 Giri Cadette,3x400m
Staffetta 3x2 Giri Cadetti,3x400m
Staffetta 4x1 giro Allieve,4x200m
Staffetta 4x1 giro Allievi,4x200m
Staffetta 4x1 giro Juniores Donne,4x200m
Staffetta 4x1 giro Juniores Uomini,4x200m
Staffetta 4x1 giro Promesse Donne,4x200m
Staffetta 4x1 giro Promesse Uomini,4x200m
Staffetta 4x160  Allievi,4x160m
Staffetta 4x160 Adulti Uomini,4x160m
Staffetta 4x160 Allieve,4x160m
Staffetta 4X160 Indoor Cadette,4x160m
Staffetta 4X160 Indoor Cadetti,4x160m
Staffetta 4X160 Indoor Donne,4x160m
Staffetta 4X160 Indoor Ragazze,4x160m
Staffetta 4X160 Indoor Ragazzi,4x160m
Staffetta 4X160 Indoor Uomini,4x160m
Staffetta 4x1giro ALLIEVE,4x200m
Staffetta 4x1giro ALLIEVI,4x200m
Staffetta 4x1giro BANCARI DONNE,4x200m
Staffetta 4x1giro BANCARI UOMINI,4x200m
Staffetta 4x1giro DONNE,4x200m
Staffetta 4X1giro MASTER DONNE,4x200m
Staffetta 4x1giro MASTER DONNE,4x200m
Staffetta 4X1giro MASTER UOMINI,4x200m
Staffetta 4x1giro MASTER UOMINI,4x200m
Staffetta 4x1giro MISTA,4x200m
Staffetta 4x1giro UOMINI,4x200m
Staffetta 4x2 giri DONNE,4x400m
Staffetta 4x2 giri Donne,4x400m
Staffetta 4x2 giri UOMINI,4x400m
Staffetta 4x2 giri Uomini,4x400m
Staffetta 4x200 Adulti + Juniores +Allievi Donne,4x200m
Staffetta 4x200 Adulti + Juniores +Allievi Uomini,4x200m
Staffetta 4x200 Adulti Donne,4x200m
Staffetta 4x200 Adulti Uomini,4x200m
Staffetta 4x200 Allieve,4x200m
Staffetta 4x200 Allievi,4x200m
Staffetta 4x200 ASSOLUTI DONNE,4x200m
Staffetta 4x200 ASSOLUTI UOMINI,4x200m
Staffetta 4x200 Cadette,4x200m
Staffetta 4x200 CADETTE,4x200m
Staffetta 4x200 Cadetti,4x200m
Staffetta 4x200 CADETTI,4x200m
Staffetta 4x200 DONNE,4x200m
Staffetta 4x200 Ragazze,4x200m
Staffetta 4x200 RAGAZZE,4x200m
Staffetta 4x200 Ragazzi,4x200m
Staffetta 4x200 RAGAZZI,4x200m
Staffetta 4x200 UOMINI,4x200m
Staffetta 4x2giri DONNE,4x400m
Staffetta 4x2giri MASTER UOMINI,4x400m
Staffetta 4x2giri UOMINI,4x400m
Staffetta 4x400 ASSOLUTI DONNE,4x400m
Staffetta 4x50 1° Media,4x50m
Staffetta 4x50 2° Media,4x50m
Staffetta 4x50 3° Media,4x50m
Staffetta 6 X 1 GIRO MISTA M+F,6x200m mista
statistica partecipanti,altro
Statistica Partecipanti,altro
TETRATHLON CADETTE,Tetrathlon indoor CF
TETRATHLON Cadette,Tetrathlon indoor CF
TETRATHLON CADETTI,Tetrathlon indoor CM
TETRATHLON Cadetti,Tetrathlon indoor CM
TRIATHLON,boh
TRIATHLON Ragazze,Triathlon indoor RF
TRIATHLON RAGAZZE,Triathlon indoor RF
TRIATHLON Ragazzi,Triathlon indoor RM
TRIATHLON RAGAZZI,Triathlon indoor RM
TRIATHLON-B,boh
Triplo CADETTE,Salto triplo
Triplo CADETTI,Salto triplo
Triplo DONNE,Salto triplo
Triplo MASTER DONNE,Salto triplo
Triplo MASTER UOMINI,Salto triplo
Triplo UOMINI,Salto triplo
Tutti i risultati,altro
